require File.expand_path('../boot', __FILE__)

require 'rails/all'

if defined?(Bundler)
  # If you precompile assets before deploying to production, use this line
  Bundler.require(*Rails.groups(:assets => %w(development test)))
  # If you want your assets lazily compiled in production, use this line
  # Bundler.require(:default, :assets, Rails.env)
end

module Gimmewx
  class Application < Rails::Application
    US_CITIES=["Abbeville, AL", "Abbotsford, WI", "Aberdeen, MD", "Aberdeen, MS", "Aberdeen, NC", "Aberdeen, SD", "Aberdeen, WA", "Abilene, KS", "Abilene, TX", "Abingdon, VA", "Acworth, GA", "Ada, OK", "Adams, WI", "Addis, LA", "Addison, IL", "Addison, TX", "Adel, IA", "Adelanto, CA", "Adrian, MI", "Afton, IA", "Afton, MN", "Agawam, MA", "Agoura, CA", "Ahoskie, NC", "Aiken, SC", "Aitkin, MN", "Akron, NY", "Akron, OH", "Alabaster, AL", "Alachua, FL", "Alameda, CA", "Alamo Heights, TX", "Alamo, TX", "Alamogordo, NM", "Alamosa, CO", "Albany, CA", "Albany, GA", "Albany, MN", "Albany, MO", "Albany, NY", "Albany, OR", "Albany, WI", "Albemarle, NC", "Albert City, IA", "Albert Lea, MN", "Albertville, MN", "Albion, MI", "Albuquerque, NM", "Alburtis, PA", "Alcester, SD", "Alexander City, AL", "Alexander, IA", "Alexandria, LA", "Alexandria, MN", "Alexandria, VA", "Alfred, NY", "Algoma, WI", "Algona, IA", "Algonac, MI", "Algonquin, IL", "Alhambra, CA", "Aliso Viejo, CA", "Allegan, MI", "Allegany, NY", "Allen Park, MI", "Allen, TX", "Allendale, NJ", "Allentown, PA", "Alliance, NE", "Alliance, OH", "Alma, MI", "Alma, NE", "Almira, WA", "Alpena, MI", "Alpharetta, GA", "Alpine, TX", "Alpine, UT", "Alta, UT", "Altamont, IL", "Altamonte Springs, FL", "Alton, IL", "Altoona, IA", "Altoona, PA", "Altoona, WI", "Alturas, CA", "Altus, OK", "Alva, OK", "Alvarado, TX", "Alvin, TX", "Amarillo, TX", "Ambler, PA", "Ambridge, PA", "American Canyon, CA", "American Fork, UT", "Americus, GA", "Ames, IA", "Amityville, NY", "Ammon, ID", "Amory, MS", "Anaconda, MT", "Anacortes, WA", "Anadarko, OK", "Anaheim, CA", "Anchorage, AK", "Andalusia, AL", "Anderson, CA", "Anderson, IN", "Anderson, SC", "Andover, KS", "Andover, MN", "Andrews, NC", "Andrews, SC", "Andrews, SC", "Andrews, TX", "Angel Fire, NM", "Angels Camp, CA", "Angier, NC", "Angleton, TX", "Angola, IN", "Anita, IA", "Ankeny, IA", "Ann Arbor, MI", "Ann Arbor, MI", "Anna Maria, FL", "Annandale, MN", "Annapolis, MD", "Annetta, TX", "Anniston, AL", "Anoka, MN", "Ansonia, CT", "Antigo, WI", "Antioch, CA", "Antioch, IL", "Apache Junction, AZ", "Apex, NC", "Aplington, IA", "Apopka, FL", "Apple Valley, CA", "Apple Valley, MN", "Appleton, WI", "Appleton, WI", "Appleton, WI", "Arab, AL", "Arcade, NY", "Arcadia, CA", "Arcadia, FL", "Arcadia, LA", "Arcata, CA", "Archbold, OH", "Archdale, NC", "Arcola, IL", "Arden Hills, MN", "Ardmore, OK", "Ardsley, NY", "Argyle, MN", "Argyle, TX", "Arkadelphia, AR", "Arkansas City, KS", "Arlington Heights, IL", "Arlington, TN", "Arlington, TX", "Arlington, WA", "Arma, KS", "Arnold, MO", "Arnolds Park, IA", "Arroyo Grande, CA", "Artesia, CA", "Artesia, NM", "Artesian, SD", "Arvada, CO", "Asbury Park, NJ", "Asheboro, NC", "Asheville, NC", "Ashland City, TN", "Ashland, AL", "Ashland, KY", "Ashland, OH", "Ashland, OR", "Ashland, VA", "Ashland, WI", "Ashland, WI", "Ashtabula, OH", "Ashton, ID", "Ashwaubenon, WI", "Aspen, CO", "Aspinwall, PA", "Atascadero, CA", "Atglen, PA", "Athens, AL", "Athens, GA"]
    US_CITIES2 = ["Athens, OH", "Athens, TN", "Atherton, CA", "Atkins, IA", "Atlanta, GA", "Atlanta, GA", "Atlantic Beach, FL", "Atlantic Beach, NC", "Atlantic City, NJ", "Atlantic Highlands, NJ", "Atlantis, FL", "Attalla, AL", "Attica, NY", "Attleboro, MA", "Atwater, CA", "Auburn Hills, MI", "Auburn, AL", "Auburn, CA", "Auburn, GA", "Auburn, IL", "Auburn, IN", "Auburn, ME", "Auburn, NY", "Auburn, WA", "Auburndale, FL", "Augusta, GA", "Augusta, ME", "Aumsville, OR", "Aurora, CO", "Aurora, CO", "Aurora, IA", "Aurora, IL", "Aurora, IL", "Aurora, IL", "Aurora, IL", "Aurora, MN", "Aurora, NE", "Aurora, OH", "Aurora, OR", "Austell, GA", "Austin, MN", "Austin, TX", "Avalon, CA", "Avalon, NJ", "Aventura, FL", "Avon Lake, OH", "Avon Park, FL", "Avon, CO", "Avon, IN", "Avon, MN", "Avon, OH", "Avondale Estates, GA", "Avondale, AZ", "Ayden, NC", "Azle, TX", "Azle, TX", "Aztec, NM", "Azusa, CA", "Babbitt, MN", "Babylon, NY", "Backus, MN", "Baconton, GA", "Badin, NC", "Baileyton, AL", "Bainbridge, GA", "Baker City, OR", "Bakersfield, CA", "Bal Harbour, FL", "Balch Springs, TX", "Bald Head Island, NC", "Baldwin City, KS", "Baldwin Park, CA", "Baldwin, PA", "Ballwin, MO", "Bally, PA", "Baltic, SD", "Baltimore, MD", "Baltimore, OH", "Bamberg, SC", "Bandon, OR", "Bangor, ME", "Bangor, MI", "Banks, OR", "Banner Elk, NC", "Banning, CA", "Baraboo, WI", "Barberton, OH", "Bardstown, KY", "Barnegat Light, NJ", "Barnesville, GA", "Barnesville, MD", "Barnesville, MN", "Barre, VT", "Barrington Hills, IL", "Barrington Hills, IL", "Barrington, IL", "Barrington, IL", "Barstow, CA", "Bartlesville, OK", "Bartlett, IL", "Bartlett, TN", "Bartonville, TX", "Basalt, CO", "Basalt, CO", "Basehor, KS", "Bastrop, TX", "Batavia, IL", "Batavia, NY", "Batesburg-Leesville, SC", "Batesburg-Leesville, SC", "Bath, ME", "Baton Rouge, LA", "Battle Creek, MI", "Battle Ground, WA", "Baxley, GA", "Baxter, IA", "Baxter, MN", "Bay City, MI", "Bay City, OR", "Bay City, TX", "Bay City, WI", "Bay Harbor Islands, FL", "Bay Minette, AL", "Bay Saint Louis, MS", "Bay Village, OH", "Bayfield, CO", "Bayonne, NJ", "Bayport, MN", "Bayside, WI", "Baytown, TX", "Beach Haven, NJ", "Beach Park, IL", "Beachwood, NJ", "Beachwood, OH", "Beacon, NY", "Bear Lake, MI", "Beatrice, AL", "Beatrice, NE", "Beaufort, NC", "Beaufort, SC", "Beaumont, CA", "Beaumont, TX", "Beaux Arts Village, WA", "Beaver Dam, WI", "Beaver, UT", "Beavercreek, OH", "Beaverton, MI", "Beaverton, OR", "Becker, MN", "Beckley, WV", "Bedford, IN", "Bedford, OH", "Bedford, TX", "Beech Mountain, NC", "Beech Mountain, NC", "Beecher, IL", "Bel Air, MD", "Belding, MI", "Belfast, ME", "Belgrade, MT", "Belhaven, NC", "Bell Gardens, CA", "Bell, CA", "Bellaire, KS", "Bellaire, MI", "Bellaire, TX", "Bellbrook, OH", "Belle Isle, FL", "Belle Plaine, IA", "Belle Plaine, MN", "Belleair Beach, FL", "Belleair Bluffs, FL", "Belleair, FL", "Bellefontaine, OH", "Bellefonte, DE", "Bellefonte, KY", "Bellefonte, PA", "Belleville, IL", "Belleville, MI", "Bellevue, KY"]
    US_CITIES3 = ["Bellevue, NE", "Bellevue, OH", "Bellevue, PA", "Bellevue, WA", "Bellflower, CA", "Bellingham, WA", "Bellmawr, NJ", "Bellows Falls, VT", "Bellport, NY", "Bellville, OH", "Bellwood, IL", "Belmond, IA", "Belmont, CA", "Belmont, NC", "Beloit, KS", "Beloit, WI", "Belton, MO", "Belton, TX", "Belvedere, CA", "Belvidere, IL", "Belvidere, NJ", "Belview, MN", "Belville, NC", "Belzoni, MS", "Bemidji, MN", "Benbrook, TX", "Bend, OR", "Benicia, CA", "Benkelman, NE", "Bennett, CO", "Bennettsville, SC", "Bensenville, IL", "Benson, AZ", "Benson, MN", "Benson, NC", "Bentleyville, OH", "Bentleyville, PA", "Benton City, WA", "Bentonville, AR", "Berea, OH", "Beresford, SD", "Beresford, SD", "Berkeley Lake, GA", "Berkeley, CA", "Berkeley, IL", "Berkeley, IL", "Berkley, MI", "Berlin, MD", "Berlin, NH", "Berlin, WI", "Bermuda Run, NC", "Bernice, LA", "Berryville, VA", "Berthoud, CO", "Berwick, LA", "Berwyn Heights, MD", "Berwyn, IL", "Bessemer City, NC", "Bessemer, AL", "Bethalto, IL", "Bethany Beach, DE", "Bethel Park, PA", "Bethel, AK", "Bethel, NC", "Bethlehem, PA", "Bethlehem, PA", "Bettendorf, IA", "Beulah, MI", "Beulah, ND", "Beulaville, NC", "	Beverly Hills, CA", "Beverly Hills, MI", "Beverly, MA", "Bexley, OH", "Biddeford, ME", "Big Bear Lake, CA", "Big Falls, MN", "Big Lake, MN", "Big Rapids, MI", "Big Spring, TX", "Big Stone Gap, VA", "Bigfork, MN", "Biggs, CA", "Billings, MT", "Biloxi, MS", "Biltmore Forest, NC", "Bingen, WA", "Bingham Farms, MI", "Binghamton, NY", "Birchwood, MN", "Bird Island, MN", "Birmingham, AL", "Birmingham, MI", "Bisbee, AZ", "Biscoe, NC", "Bismarck, ND", "Bixby, OK", "Black Creek, NC", "Black Earth, WI", "Black Hawk, CO", "Black Jack, MO", "Black Mountain, NC", "Black River Falls, WI", "Blackduck, MN", "Blacksburg, VA", "Bladensburg, MD", "Blaine, MN", "Blaine, WA", "Blair, NE", "Blanca, CO", "Blanchard, LA", "Blissfield, MI", "Bloomer, WI", "Bloomfield Hills, MI", "Bloomfield, NE", "Blooming Prairie, MN", "Blooming Prairie, MN", "Bloomingdale, GA", "Bloomingdale, IL", "Bloomington, IL", "Bloomington, IN", "Bloomington, MN", "Bloomsburg, PA", "Blossburg, PA", "Blowing Rock, NC", "Blue Ash, OH", "Blue Earth, MN", "Blue Island, IL", "Blue Mounds, WI", "Blue Springs, MO", "Bluefield, WV", "Bluffton, IN", "Boardman, OR", "Boaz, AL", "Boca Raton, FL", "Boerne, TX", "Bogalusa, LA", "Boiling Spring Lakes, NC", "Boiling Springs, NC", "Boise, ID", "Bolingbrook, IL", "Bondurant, IA", "Bonita Springs, FL", "Bonner Springs, KS", "Bonney Lake, WA", "Boone, IA", "Boone, NC", "Boonsboro, MD", "Boonton, NJ", "Boonville, MO", "Boonville, NY", "Boscobel, WI", "Bossier City, LA", "Boston, GA", "Boston, MA", "Bothell, WA", "Bottineau, ND", "Boulder City, NV", "Boulder, CO", "Bountiful, UT", "Bourbonnais, IL", "Bowdon, GA", "Bowie, MD", "Bowling Green, KY", "Bowling Green, OH", "Bowling Green, VA", "Box Elder, SD", "Boy River, MN", "Boyden, IA", "Boyne City, MI", "Boynton Beach, FL", "Bozeman, MT", "Bradbury, CA", "Bradenton, FL"]
    US_CITIES4 = ["Bradford, PA", "Bradley, IL", "Bradley, OK", "Braham, MN", "Brainerd, MN", "Brandenburg, KY", "Brandon, MS", "Brandon, SD", "Branson, MO", "Brantley, AL", "Braselton, GA", "Brawley, CA", "Brazil, IN", "Brea, CA", "Breckenridge, CO", "Breese, IL", "Breezy Point, MN", "Bremen, GA", "Bremerton, WA", "Brenham, TX", "Brentwood, CA", "Brentwood, MD", "Brentwood, MO", "Brentwood, TN", "Brentwood, TN", "Brevard, NC", "Brewer, ME", "Brewton, AL", "Briarcliffe Acres, SC", "Bridge City, TX", "Bridgeport, AL", "Bridgeport, CT", "Bridgeport, PA", "Bridgeport, WV", "Bridgeton, MO", "Bridgeton, NC", "Bridgeville, DE", "Bridgewater, SD", "Bridgewater, VA", "Bridgman, MI", "Brielle, NJ", "Brier, WA", "Brigantine, NJ", "Brigham City, UT", "Brighton, CO", "Brighton, MI", "Brillion, WI", "Brisbane, CA", "Bristol, CT", "Bristol, SD", "Bristol, TN", "Bristol, VA", "Broadview Heights, OH", "Broadway, VA", "Brockport, NY", "Brockton, MA", "Brodhead, WI", "Brodhead, WI", "Broken Arrow, OK", "Bronxville, NY", "Brook Park, OH", "Brookeville, MD", "Brookfield, IL", "Brookfield, WI", "Brookhaven, PA", "Brookings, OR", "Brookings, SD", "Brooklyn Center, MN", "Brooklyn Park, MN", "Brooklyn, MI", "Brooks, GA", "Brooksville, FL", "Brookville, OH", "Brookwood, AL", "Broomfield, CO", "Brooten, MN", "Broussard, LA", "Browerville, MN", "Brown City, MI", "Brown Deer, WI", "Brownfield, TX", "Brownsburg, IN", "Brownsville, OR", "Brownsville, TX", "Brownwood, TX", "Brundidge, AL", "Brunswick, GA", "Brunswick, MD", "Brunswick, OH", "Brush, CO", "Brusly, LA", "Bryan, TX", "Buchanan, MI", "Buchanan, NY", "Buckeye, AZ", "Buckhannon, WV", "Buda, TX", "Buellton, CA", "Buena Vista, VA", "Buffalo Center, IA", "Buffalo Grove, IL", "Buffalo, MN", "Buffalo, NY", "Buffalo, OK", "Buford, GA", "Bullhead City, AZ", "Bulverde, TX", "Bunker Hill Village, TX", "Burbank, CA", "Burgaw, NC", "Burien, WA", "Burkburnett, TX", "Burleson, TX", "Burley, ID", "Burlingame, CA", "Burlington, IA", "Burlington, KS", "Burlington, NC", "Burlington, NJ", "Burlington, VT", "Burlington, WA", "Burlington, WI", "Burnet, TX", "Burns Harbor, IN", "Burnsville, MN", "Burnsville, NC", "Burr Ridge, IL", "Burton, MI", "Butler, IN", "Butler, NJ", "Butte, MT", "Byromville, GA", "Byron, MI", "Byron, MN", "Cadillac, MI", "Cairo, GA", "Calabasas, CA", "Calabash, NC", "Caldwell, ID", "Caldwell, NJ", "Caledonia, MN", "Calera, AL", "Calexico, CA", "Calhoun, GA", "Calimesa, CA", "Calistoga, CA", "Callaway, FL", "Calmar, IA", "Camarillo, CA", "Camas, WA", "Cambria, WI", "Cambridge, MA", "Cambridge, MD", "Cambridge, MN", "Cambridge, OH", "Camden, NJ", "Camdenton, MO", "Cameron, MO", "Cameron, MO", "Camilla, GA", "Camp Hill, PA", "Camp Verde, AZ", "Campbell, CA", "Campbell, OH", "Campbellsport, WI", "Campbellsville, KY", "Canal Winchester, OH", "Canal Winchester, OH", "Canandaigua, NY", "Canastota, NY", "Canby, MN", "Canby, OR", "Canfield, OH", "Cannon Beach, OR", "Cannon Falls, MN", "Canton, GA"]
    US_CITIES1 = ["Canton, MS", "Chicopee, MA", "Concrete, WA"]
    US_CITIES5 = ["Canton, NC", "Canton, NY", "Canton, OH", "Canton, SD", "Canyon Lake, CA", "Canyon, TX", "Cape Canaveral, FL", "Cape Charles, VA", "Cape Coral, FL", "Cape Girardeau, MO", "Cape May, NJ", "Capitan, NM", "Capitola, CA", "Carbondale, CO", "Carbondale, IL", "Carefree, AZ", "Carencro, LA", "Carey, ID", "Caribou, ME", "Carlin, NV", "Carlisle, AR", "Carlisle, IA", "Carlisle, OH", "Carlisle, OH", "Carlisle, PA", "Carlsbad, CA", "Carlsbad, NM", "Carlton, MN", "Carlton, OR", "Carlyle, IL", "Carmel, IN", "Carmel-by-the-Sea, CA", "Carnation, WA", "Caro, MI", "Carol Stream, IL", "Carolina Beach, NC", "Carolina Shores, NC", "Carpentersville, IL", "Carpentersville, IL", "Carpinteria, CA", "Carrboro, NC", "Carroll Valley, PA", "Carrollton, GA", "Carrollton, KY", "Carrollton, TX", "Carrolltown, PA", "Carson City, NV", "Carson, CA", "Carson, IA", "Carter Lake, IA", "Carteret, NJ", "Cartersville, GA", "Carthage, NC", "Carthage, TX", "Carver, MN", "Cary, IL", "Cary, NC", "Casa Grande, AZ", "Cascade Locks, OR", "Cashmere, WA", "Casper, WY", "Casselberry, FL", "Castle Rock, CO", "Castle Rock, WA", "Castle Shannon, PA", "Castlewood, SD", "Caswell Beach, NC", "Cathedral City, CA", "Catskill, NY", "Cave Creek, AZ", "Cayce, SC", "Cayuga, NY", "Cañon City, CO", "Cecilton, MD", "Cedar Bluff, AL", "Cedar City, UT", "Cedar Creek, NE", "Cedar Falls, IA", "Cedar Hill, TX", "Cedar Hills, UT", "Cedar Park, TX", "Cedar Rapids, IA", "Cedar Springs, MI", "Cedarburg, WI", "Cedaredge, CO", "Cedarhurst, NY", "Celina, OH", "Centennial, CO", "Center Line, MI", "Centerville, MN", "Centerville, OH", "Centerville, UT", "Central City, IA", "Central Falls, RI", "Central Point, OR", "Central, SC", "Centralia, IL", "Centralia, MO", "Centralia, WA", "Centre, AL", "Centreville, MD", "Ceres, CA", "Cerritos, CA", "Chagrin Falls, OH", "Chambersburg, PA", "Chamblee, GA", "Champaign, IL", "Champlin, MN", "Chandler, AZ", "Chandler, OK", "Chanhassen, MN", "Channahon, IL", "Chanute, KS", "Chapel Hill, NC", "Chapin, SC", "Chardon, OH", "Chariton, IA", "Charleston, IL", "Charleston, SC", "Charleston, WV", "Charlestown, MD", "Charlevoix, MI", "Charlotte, MI", "Charlotte, NC", "Charlottesville, VA", "Chaska, MN", "Chatfield, MN", "Chatfield, MN", "Chatham, IL", "Chatham, LA", "Chattanooga, TN", "Cheboygan, MI", "Chelan, WA", "Chelsea, MA", "Chelsea, MI", "Chenequa, WI", "Cheney, WA", "Cheraw, SC", "Cherokee Village, AR", "Cherokee, IA", "Cherry Hills Village, CO", "Cherry Valley, IL", "Cherryville, NC", "Chesaning, MI", "Chesaning, MI", "Chesapeake Beach, MD", "Chesapeake City, MD", "Chesapeake, VA", "Chester, NJ", "Chester, PA", "Chester, SC", "Chesterfield, MO", "Chesterton, IN", "Chestertown, MD", "Cheswold, DE", "Cheverly, MD", "Cheviot, OH", "Chevy Chase Section Five, MD", "Chevy Chase Section Three, MD", "Chevy Chase View, MD", "Chevy Chase Village, MD", "Cheyenne, WY", "Chicago Heights, IL", "Chicago Ridge, IL", "Chicago, IL", "Chickasha, OK", "Chico, CA"]
    #US_CITIES6 = ["Childersburg, AL", "Chillicothe, IL", "Chillicothe, MO", "Chillicothe, OH", "Chilton, WI", "China Grove, NC", "Chincoteague, VA", "Chino Hills, CA", "Chino Valley, AZ", "Chino, CA", "Chipley, FL", "Chippewa Falls, WI", "Chisago City, MN", "Chisholm, MN", "Chittenango, NY", "Choctaw, OK", "Choudrant, LA", "Chowchilla, CA", "Christiana, PA", "Christiana, PA", "Christiansburg, VA", "Chula Vista, CA", "Churchill, PA", "Churchville, NY", "Churubusco, IN", "Cincinnati, OH", "Cinco Bayou, FL", "Circle Pines, MN", "Citronelle, AL", "Citrus Heights, CA", "City of Cuyahoga Falls, OH", "City of Scandia, MN", "City of Tonawanda, NY", "Clanton, AL", "Clare, MI", "Claremont, CA", "Claremont, NC", "Claremont, NH", "Claremore, OK", "Clarence, IA", "Clarendon Hills, IL", "Clarion, PA", "Clarkdale, AZ", "Clarkfield, MN", "Clarks Summit, PA", "Clarksburg, WV", "Clarksdale, MS", "Clarkson Valley, MO", "Clarkston, GA", "Clarksville, IA", "Clarksville, IN", "Clarksville, TN", "Clawson, MI", "Clayton, CA", "Clayton, DE", "Clayton, MO", "Clayton, NC", "Clayton, OH", "Clear Lake, IA", "Clear Lake, IN", "Clear Lake, SD", "Clearfield, UT", "Clearlake, CA", "Clearwater, FL", "Clearwater, KS", "Clearwater, MN", "Clearwater, MN", "Cleburne, TX", "Clemmons, NC", "Clemson, SC", "Clermont, IA", "Cleveland Heights, OH", "Cleveland, MS", "Cleveland, OH", "Cleveland, TN", "Cleveland, WI", "Cleves, OH", "Clewiston, FL", "Clifton Forge, VA", "Clifton, TN", "Clinton, MI", "Clinton, MS", "Clinton, NC", "Clinton, NJ", "Clinton, NY", "Clinton, OK", "Clinton, SC", "Clinton, TN", "Clinton, UT", "Clinton, WI", "Clio, MI", "Clive, IA", "Closter, NJ", "Cloudcroft, NM", "Cloverdale, CA", "Clovis, CA", "Clovis, NM", "Clute, TX", "Clyde Hill, WA", "Clyde, OH", "Coachella, CA", "Coal City, IL", "Coalinga, CA", "Coatesville, PA", "Coats, NC", "Cobleskill, NY", "Coburg, OR", "Cochranton, PA", "Cocoa Beach, FL", "Cocoa, FL", "Coconut Creek, FL", "Coeur d'Alene, ID", "Coffeyville, KS", "Coffman Cove, AK", "Cohasset, MN", "Cohoes, NY", "Cokato, MN", "Colby, KS", "Cold Spring, MN", "Coldwater, MI", "Coldwater, OH", "Colfax, CA", "Colfax, WA", "College Park, GA", "College Park, MD", "College Place, WA", "College Station, TX", "Collegeville, PA", "Colleyville, TX", "Collierville, TN", "Collingswood, NJ", "Collinsville, AL", "Collinsville, IL", "Collinsville, IL", "Colma, CA", "Colman, SD", "Colo, IA", "Cologne, MN", "Colonial Heights, VA", "Colonie, NY", "Colorado Springs, CO", "Colton, CA", "Columbia City, IN", "Columbia City, OR", "Columbia Heights, MN", "Columbia, IL", "Columbia, MO", "Columbia, SC", "Columbia, TN", "Columbiana, AL", "Columbus Junction, IA", "Columbus, GA", "Columbus, IN", "Columbus, MN", "Columbus, NC", "Columbus, OH", "Columbus, OH", "Columbus, OH", "Columbus, OH", "Columbus, TX", "Columbus, WI", "Comfrey, MN", "Comfrey, MN", "Commerce City, CO", "Commerce, CA", "Commerce, GA", "Compton, CA", "Concord, CA", "Concord, NC", "Concord, NH"]
    #US_CITIES7 = ["Condon, OR", "Conneaut, OH", "Connell, WA", "Connelly Springs, NC", "Connersville, IN", "Conover, NC", "Conrad, IA", "Conroe, TX", "Converse, TX", "Conway, AR", "Conway, SC", "Conyers, GA", "Cookeville, TN", "Cooleemee, NC", "Coolidge, AZ", "Coon Rapids, MN", "Cooper City, FL", "Coopersburg, PA", "Coopersville, MI", "Coos Bay, OR", "Coplay, PA", "Coppell, TX", "Copperas Cove, TX", "Coquille, OR", "Coral Gables, FL", "Coral Springs, FL", "Coralville, IA", "Corcoran, CA", "Corcoran, MN", "Cordova, AK", "Corinth, NY", "Corinth, TX", "Cornelius, NC", "Cornelius, OR", "Corning, CA", "Corona, CA", "Coronado, CA", "Corpus Christi, TX", "Corrales, NM", "Corsicana, TX", "Corte Madera, CA", "Cortez, CO", "Cortland, IL", "Cortland, NY", "Cortland, OH", "Corunna, MI", "Corvallis, OR", "Coshocton, OH", "Costa Mesa, CA", "Cotati, CA", "Cottage Grove, MN", "Cottage Grove, OR", "Cottage Grove, WI", "Cottleville, MO", "Cottonwood Heights, UT", "Cottonwood, AZ", "Cottonwood, MN", "Council Bluffs, IA", "Courtland, AL", "Covina, CA", "Covington, GA", "Covington, KY", "Covington, LA", "Covington, TN", "Covington, VA", "Covington, WA", "Coweta, OK", "Cowpens, SC", "Coxsackie, NY", "Craig, AK", "Craig, CO", "Cramerton, NC", "Cranston, RI", "Creedmoor, NC", "Creighton, NE", "Crescent City, CA", "Crescent Springs, KY", "Cresco, IA", "Crested Butte, CO", "Crestline, OH", "Crestview Hills, KY", "Crestwood, MO", "Creswell, OR", "Crete, NE", "Creve Coeur, MO", "Cripple Creek, CO", "Crisfield, MD", "Crockett, TX", "Crookston, MN", "Crooksville, OH", "Cross Lake, MN", "Cross Plains, WI", "Crossett, AR", "Crossville, AL", "Croswell, MI", "Croton-on-Hudson, NY", "Crowley, LA", "Crowley, TX", "Crown Point, IN", "Crystal Falls, MI", "Crystal Lake, IL", "Crystal River, FL", "Crystal, MN", "Cudahy, CA", "Cudahy, WI", "Cullman, AL", "Culpeper, VA", "Culver City, CA", "Cumberland, IN", "Cumberland, MD", "Cumberland, WI", "Cumming, GA", "Cupertino, CA", "Custer, SD", "Cuyahoga Heights, OH", "Cypress, CA", "Dacono, CO", "Dacula, GA", "Dade City, FL", "Dahlonega, GA", "Daleville, AL", "Dallas, NC", "Dallas, OR", "Dallas, PA", "Dallas, TX", "Dallas, TX", "Dallas, TX", "Dallas, TX", "Dallas, TX", "Dallas, TX", "Dallas, TX", "Dallas, TX", "Dallas, TX", "Dallas, TX", "Dallastown, PA", "Daly City, CA", "Damascus, OR", "Damascus, VA", "Dana Point, CA", "Danbury, CT", "Dania Beach, FL", "Dansville, NY", "Danube, MN", "Danville, CA", "Danville, IA", "Danville, IL", "Danville, IN", "Danville, KY", "Danville, PA", "Danville, VA", "Daphne, AL", "Darby, PA", "Darien, IL", "Dassel, MN", "Dauphin Island, AL", "Davenport, IA", "Davidson, NC", "Davie, FL", "Davis, CA", "Davis, OK", "Davison, MI", "Dawson, MN", "Dawsonville, GA", "Dayton, KY", "Dayton, MN", "Dayton, MN", "Dayton, OH", "Dayton, VA", "Dayton, WA", "Daytona Beach Shores, FL", "Daytona Beach, FL", "De Forest, WI", "De Land, FL", "De Pere, WI", "De Smet, SD", "DeBary, FL", "DeKalb, IL", "DeSoto, TX", "DeWitt, MI"]
    #US_CITIES8 = ["Deadwood, SD", "Dearborn Heights, MI", "Dearborn, MI", "Decatur, AL", "Decatur, GA", "Decatur, IL", "Decatur, MI", "Decherd, TN", "Decorah, IA", "Deephaven, MN", "Deer Park, IL", "Deer Park, TX", "Deer Trail, CO", "Deerfield Beach, FL", "Deerfield, IL", "Deerfield, WI", "Defiance, OH", "Del City, OK", "Del Mar, CA", "Del Rey Oaks, CA", "Del Rio, TX", "Delafield, WI", "Delano, CA", "Delano, MN", "Delavan, WI", "Delaware City, DE", "Delaware, OH", "Dell Rapids, SD", "Dellwood, MN", "Delphi, IN", "Delray Beach, FL", "Delta Junction, AK", "Delta, CO", "Delta, UT", "Deltona, FL", "Deming, NM", "Demopolis, AL", "Denison, IA", "Denison, TX", "Denmark, WI", "Denton, MD", "Denton, NC", "Denton, TX", "Denver, CO", "Denver, IA", "Depew, NY", "Depoe Bay, OR", "Derby, CT", "Derby, KS", "Des Moines, IA", "Des Moines, WA", "Des Peres, MO", "Des Plaines, IL", "Desert Hot Springs, CA", "Destin, FL", "Detroit Lakes, MN", "Detroit, MI", "Devils Lake, ND", "Dewey Beach, DE", "Dexter, MI", "Diamond Bar, CA", "Dickinson, ND", "Dickinson, TX", "Dickson, TN", "Dietrich, ID", "Dillingham, AK", "Dillon, CO", "Dillsboro, NC", "Dillsburg, PA", "Dimondale, MI", "Dinuba, CA", "District Heights, MD", "Dixon, CA", "Dobbs Ferry, NY", "Dodge Center, MN", "Dodge City, KS", "Dolton, IL", "Donna, TX", "Donnellson, IA", "Doraville, GA", "Dormont, PA", "Dothan, AL", "Double Oak, TX", "Douglas, GA", "Douglas, WY", "Douglasville, GA", "Dover, DE", "Dover, MN", "Dover, NH", "Dover, NJ", "Dover, OH", "Dowagiac, MI", "Downers Grove, IL", "Downey, CA", "Downingtown, PA", "Doylestown, PA", "Drain, OR", "Draper, UT", "Drexel, NC", "Driggs, ID", "Dryden, NY", "DuPont, WA", "Duarte, CA", "Dublin, CA", "Dublin, GA", "Dublin, OH", "Dublin, VA", "Dubuque, IA", "Duck, NC", "Duluth, GA", "Duluth, MN", "Dumas, TX", "Duncan, AZ", "Duncan, OK", "Duncanville, TX", "Dundee, MI", "Dundee, OR", "Dune Acres, IN", "Dunedin, FL", "Dunes City, OR", "Dunlap, IA", "Dunlap, TN", "Dunn, NC", "Dunnellon, FL", "Dunsmuir, CA", "Dupont, PA", "Durand, MI", "Durand, WI", "Durango, CO", "Durant, OK", "Durham, NC", "Durham, OR", "Dushore, PA", "Duvall, WA", "Dyer, IN", "Eagan, MN", "Eagar, AZ", "Eagle Bend, MN", "Eagle Lake, FL", "Eagle Lake, MN", "Eagle Pass, TX", "Eagle Point, OR", "Eagle, CO", "Eagle, ID", "Eagle, WI", "Eagles Mere, PA", "Easley, SC", "Easley, SC", "East Alton, IL", "East Aurora, NY", "East Bethel, MN", "East Chicago, IN", "East Dundee, IL", "East Grand Forks, MN", "East Grand Rapids, MI", "East Gull Lake, MN", "East Hampton, NY", "East Hazel Crest, IL", "East Hills, NY", "East Jordan, MI", "East Lansing, MI", "East Liverpool, OH", "East Moline, IL", "East Orange, NJ", "East Palestine, OH", "East Palo Alto, CA", "East Peoria, IL", "East Point, GA", "East Providence, RI", "East Rockaway, NY", "East Spencer, NC", "East Tawas, MI", "East Troy, WI", "East Wenatchee, WA", "East Williston, NY", "Easthampton, MA", "Eastlake, OH", "Easton, MD", "Easton, PA", "Eastpointe, MI"]
    #US_CITIES9 = ["Eastport, ME", "Eaton Rapids, MI", "Eaton, CO", "Eatontown, NJ", "Eau Claire, WI", "Eau Claire, WI", "Ebensburg, PA", "Echo, OR", "Eddystone, PA", "Eden Prairie, MN", "Eden Valley, MN", "Eden Valley, MN", "Eden, NC", "Edenton, NC", "Edgerton, WI", "Edgewater, CO", "Edgewater, FL", "Edgewood, FL", "Edgewood, PA", "Edgewood, WA", "Edina, MN", "Edinboro, PA", "Edinburg, TX", "Edisto Beach, SC", "Edmond, OK", "Edmonds, WA", "Edwardsburg, MI", "Edwardsville, IL", "Edwardsville, KS", "Effingham, IL", "El Cajon, CA", "El Campo, TX", "El Centro, CA", "El Cerrito, CA", "El Dorado, KS", "El Mirage, AZ", "El Monte, CA", "El Paso, IL", "El Paso, TX", "El Reno, OK", "El Segundo, CA", "Elba, AL", "Elberton, GA", "Elbridge, NY", "Elburn, IL", "Eldon, MO", "Eldridge, IA", "Elgin, IA", "Elgin, IL", "Elgin, IL", "Elgin, OR", "Elizabeth City, NC", "Elizabeth, IL", "Elizabeth, NJ", "Elizabethton, TN", "Elizabethtown, NC", "Elizabethtown, PA", "Elk City, OK", "Elk Grove Village, IL", "Elk Grove, CA", "Elk Point, SD", "Elk Rapids, MI", "Elk River, MN", "Elkhart, IN", "Elkhart, KS", "Elkhorn, NE", "Elkin, NC", "Elkin, NC", "Elko, MN", "Elko, NV", "Elkton, KY", "Elkton, MD", "Elkton, OR", "Ellaville, GA", "Ellensburg, WA", "Ellettsville, IN", "Ellijay, GA", "Ellis, KS", "Ellisville, MO", "Elloree, SC", "Ellsworth, ME", "Ellsworth, WI", "Elm City, NC", "Elm Grove, WI", "Elmhurst, IL", "Elmira, NY", "Elmsford, NY", "Elmwood Park, IL", "Elon, NC", "Eloy, AZ", "Elroy, WI", "Elsah, IL", "Elsmere, DE", "Elverson, PA", "Elwood, IN", "Ely, IA", "Elyria, OH", "Emerald Isle, NC", "Emeryville, CA", "Emmetsburg, IA", "Emmitsburg, MD", "Emporia, KS", "Emporia, VA", "Encinitas, CA", "Enfield, NC", "Englewood, CO", "Englewood, NJ", "Englewood, OH", "Englishtown, NJ", "Enid, OK", "Ennis, TX", "Enoch, UT", "Enterprise, AL", "Enumclaw, WA", "Ephraim, WI", "Ephrata, PA", "Ephrata, WA", "Erie, CO", "Erie, CO", "Erie, PA", "Erlanger, KY", "Erwin, NC", "Escalon, CA", "Escanaba, MI", "Escondido, CA", "Espanola, NM", "Esperance, NY", "Essex Junction, VT", "Essexville, MI", "Estacada, OR", "Estes Park, CO", "Euclid, OH", "Euclid, OH", "Eufaula, AL", "Eugene, OR", "Euharlee, GA", "Euless, TX", "Eunice, LA", "Eureka Springs, AR", "Eureka, CA", "Eureka, MO", "Eustis, FL", "Evans, CO", "Evansdale, IA", "Evanston, IL", "Evanston, WY", "Evansville, IN", "Evansville, WI", "Evart, MI", "Eveleth, MN", "Everett, MA", "Everett, WA", "Evergreen Park, IL", "Excelsior Springs, MO", "Excelsior, MN", "Eyota, MN", "Fair Bluff, NC", "Fair Haven, NJ", "Fair Haven, NY", "Fair Lawn, NJ", "Fairbank, IA", "Fairbanks, AK", "Fairborn, OH", "Fairburn, GA", "Fairfax, CA", "Fairfax, MN", "Fairfax, OH", "Fairfax, VA", "Fairfield, CA", "Fairfield, IA", "Fairfield, OH", "Fairhope, AL", "Fairlawn, OH", "Fairmont, MN", "Fairmont, NC", "Fairplay, CO", "Fairview Heights, IL", "Fairview Park, OH", "Fairview, OR", "Fairview, TN", "Fairview, TX", "Fairway, KS", "Faith, SD", "Falcon Heights, MN"]
    #US_CITIES10 = ["Fall River, MA", "Fallon, NV", "Falls Church, VA", "Falls City, NE", "Falls City, OR", "Fanwood, NJ", "Fargo, ND", "Faribault, MN", "Farmers Branch, TX", "Farmerville, LA", "Farmingdale, NY", "Farmington Hills, MI", "Farmington, MI", "Farmington, MN", "Farmington, MO", "Farmington, NM", "Farmington, UT", "Farmville, NC", "Farmville, VA", "Farragut, TN", "Farrell, PA", "Faulkton, SD", "Fayette, AL", "Fayette, IA", "Fayetteville, AR", "Fayetteville, GA", "Fayetteville, NC", "Fayetteville, TN", "Federal Heights, CO", "Federal Way, WA", "Federalsburg, MD", "Fennville, MI", "Fenton, MO", "Fenwick Island, DE", "Fergus Falls, MN", "Ferguson, MO", "Fernandina Beach, FL", "Ferndale, CA", "Ferndale, MI", "Ferndale, WA", "Ferriday, LA", "Ferrysburg, MI", "Festus, MO", "Fife, WA", "Fillmore, CA", "Findlay, OH", "Firebaugh, CA", "Firestone, CO", "Fisher, MN", "Fishers, IN", "Fitchburg, MA", "Fitzgerald, GA", "Flagler Beach, FL", "Flagler Beach, FL", "Flagstaff, AZ", "Flandreau, SD", "Flat Rock, MI", "Flat Rock, NC", "Flatonia, TX", "Fletcher, NC", "Flint, MI", "Floodwood, MN", "Flora, IN", "Floral Park, NY", "Florence, AL", "Florence, AZ", "Florence, KS", "Florence, KY", "Florence, OR", "Florence, SC", "Florham Park, NJ", "Florida City, FL", "Florissant, MO", "Flossmoor, IL", "Flower Hill, NY", "Flower Mound, TX", "Flowery Branch, GA", "Flowood, MS", "Flushing, MI", "Foley, AL", "Folly Beach, SC", "Folsom, CA", "Fond du Lac, WI", "Fontana, CA", "Forest City, NC", "Forest Grove, OR", "Forest Hills, PA", "Forest Lake, MN", "Forest Park, GA", "Forest Park, IL", "Forest Park, OH", "Forks, WA", "Forsyth, GA", "Forsyth, IL", "Fort Bragg, CA", "Fort Calhoun, NE", "Fort Collins, CO", "Fort Deposit, AL", "Fort Dodge, IA", "Fort Lauderdale, FL", "Fort Lee, NJ", "Fort Lupton, CO", "Fort Meade, FL", "Fort Mill, SC", "Fort Mitchell, KY", "Fort Morgan, CO", "Fort Myers Beach, FL", "Fort Myers, FL", "Fort Payne, AL", "Fort Pierce, FL", "Fort Smith, AR", "Fort Stockton, TX", "Fort Thomas, KY", "Fort Valley, GA", "Fort Walton Beach, FL", "Fort Wayne, IN", "Fort Worth, TX", "Fort Wright, KY", "Fortuna, CA", "Fosston, MN", "Foster City, CA", "Fostoria, OH", "Fountain Hills, AZ", "Fountain Valley, CA", "Fountain, CO", "Fowler, CA", "Fowler, IN", "Fox Chapel, PA", "Fox Lake, IL", "Fox Point, WI", "Fox River Grove, IL", "Foxfire, NC", "Frankenmuth, MI", "Frankfort, IL", "Frankfort, IN", "Frankfort, KY", "Frankfort, MI", "Franklin Park, PA", "Franklin, ID", "Franklin, IN", "Franklin, KY", "Franklin, MA", "Franklin, MI", "Franklin, MN", "Franklin, NC", "Franklin, OH", "Franklin, TN", "Franklin, WI", "Franklinton, LA", "Franklintown, PA", "Franklinville, NC", "Franklinville, NY", "Fraser, MI", "Frazee, MN", "Frederick, CO", "Frederick, MD", "Frederick, OK", "Fredericksburg, TX", "Fredericksburg, VA", "Fredonia, KS", "Fredonia, WI", "Freeburg, IL", "Freeport, IL", "Freeport, NY", "Freeport, TX", "Fremont, CA", "Fremont, MI", "Fremont, NE", "Fremont, OH"]
    #US_CITIES11 = ["French Settlement, LA", "Fresno, CA", "Friday Harbor, WA", "Fridley, MN", "Friendswood, TX", "Frisco, CO", "Frisco, TX", "Frostburg, MD", "Fruit Heights, UT", "Fruita, CO", "Fruitland Park, FL", "Fruitland, ID", "Fruitland, MD", "Fullerton, CA", "Fulton, IL", "Fulton, MO", "Fulton, NY", "Fultondale, AL", "Fuquay-Varina, NC", "Gadsden, AL", "Gahanna, OH", "Gainesville, FL", "Gainesville, GA", "Gainesville, TX", "Gaithersburg, MD", "Galena, IL", "Galesburg, IL", "Galion, OH", "Gallipolis, OH", "Gallup, NM", "Galt, CA", "Galveston, TX", "Garden City, ID", "Garden City, KS", "Garden City, MI", "Garden City, NY", "Garden City, UT", "Garden Grove, CA", "Gardena, CA", "Gardendale, AL", "Gardiner, ME", "Gardner, KS", "Gardner, MA", "Garland, TX", "Garner, NC", "Garrett Park, MD", "Garrett, IN", "Garrettsville, OH", "Gary, IN", "Gary, SD", "Gastonia, NC", "Gatesville, TX", "Gatlinburg, TN", "Gautier, MS", "Gaylord, MN", "Gem Lake, MN", "Geneseo, NY", "Geneva, IL", "Geneva, NE", "Geneva, NY", "Geneva, NY", "Genoa, OH", "George, WA", "Georgetown, CO", "Georgetown, DE", "Georgetown, TX", "Gering, NE", "Germantown Hills, IL", "Germantown, OH", "Germantown, TN", "Germantown, WI", "Gettysburg, PA", "Gibbon, MN", "Gibbsboro, NJ", "Gibraltar, MI", "Gibsonville, NC", "Gig Harbor, WA", "Gilbert, AZ", "Gilbert, MN", "Gilberts, IL", "Gillett, WI", "Gillette, WY", "Gilroy, CA", "Girard, OH", "Gladstone, MI", "Gladstone, MO", "Gladstone, OR", "Gladwin, MI", "Glasgow, KY", "Glen Carbon, IL", "Glen Cove, NY", "Glen Echo, MD", "Glen Elder, KS", "Glen Ellyn, IL", "Glen Rock, NJ", "Glenarden, MD", "Glencoe, IL", "Glencoe, MN", "Glendale Heights, IL", "Glendale, AZ", "Glendale, CA", "Glendale, CO", "Glendale, MO", "Glendale, OH", "Glendale, OR", "Glendale, WI", "Glendora, CA", "Glens Falls, NY", "Glenview, IL", "Glenwood Springs, CO", "Glenwood, IL", "Gloucester, MA", "Gloversville, NY", "Goddard, KS", "Gold Beach, OR", "Gold Hill, OR", "Golden Meadow, LA", "Golden Valley, MN", "Golden, CO", "Goldsboro, NC", "Goleta, CA", "Golf Manor, OH", "Gonzales, CA", "Gonzales, LA", "Gonzales, TX", "Goodlettsville, TN", "Goodview, MN", "Goodwell, OK", "Goodyear, AZ", "Goose Creek, SC", "Goshen, IN", "Gothenburg, NE", "Grafton, WI", "Graham, NC", "Grain Valley, MO", "Granbury, TX", "Grand Beach, MI", "Grand Blanc, MI", "Grand Forks, ND", "Grand Haven, MI", "Grand Island, NE", "Grand Junction, CO", "Grand Ledge, MI", "Grand Rapids, MI", "Grand Rapids, MN", "Grand Rapids, OH", "Grandview Heights, OH", "Grandview, MO", "Grandview, WA", "Grandville, MI", "Granger, IA", "Granger, IA", "Granite Falls, NC", "Granite Quarry, NC", "Granite Shoals, TX", "Grant, AL", "Grant, MN", "Grants Pass, OR", "Granville, OH", "Grapevine, TX", "Grass Valley, CA", "Gray, GA", "Grayling, MI", "Grayslake, IL", "Grayson, KY", "Great Falls, MT", "Great Neck Plaza, NY", "Great Neck, NY", "Greeley, CO", "Green Bay, WI", "Green Cove Springs, FL", "Green Level, NC", "Green Oaks, IL"]
    #US_CITIES12 = ["Green River, WY", "Green Tree, PA", "Green, OH", "Greenacres City, FL", "Greenbelt, MD", "Greendale, WI", "Greenfield, CA", "Greenfield, IN", "Greenfield, MN", "Greenfield, WI", "Greenhills, OH", "Greensboro, MD", "Greensboro, NC", "Greensburg, KY", "Greensburg, PA", "Greenville, MI", "Greenville, MS", "Greenville, NC", "Greenville, OH", "Greenville, SC", "Greenville, TX", "Greenwood Village, CO", "Greenwood, IN", "Greenwood, MN", "Greenwood, SC", "Greer, SC", "Greer, SC", "Gregory, SD", "Gresham, OR", "Gretna, LA", "Gretna, NE", "Gridley, CA", "Griffin, GA", "Griffith, IN", "Grifton, NC", "Grinnell, IA", "Griswold, IA", "Grosse Pointe Farms, MI", "Grosse Pointe Park, MI", "Grosse Pointe Shores, MI", "Grosse Pointe Woods, MI", "Grosse Pointe, MI", "Groton, CT", "Grottoes, VA", "Grove City, OH", "Grove, OK", "Groveport, OH", "Grover Beach, CA", "Grundy Center, IA", "Guadalupe, AZ", "Guadalupe, CA", "Guin, AL", "Gulf Breeze, FL", "Gulf Shores, AL", "Gulfport, FL", "Gulfport, MS", "Gunnison, CO", "Gunnison, UT", "Guntersville, AL", "Gurnee, IL", "Gustine, CA", "Guthrie, KY", "Guthrie, OK", "Guymon, OK", "Gypsum, CO", "Hackensack, NJ", "Hackettstown, NJ", "Haddon Heights, NJ", "Hadley, MN", "Hagerstown, MD", "Hahira, GA", "Hailey, ID", "Haines City, FL", "Haines, AK", "Haines, OR", "Hainesville, IL", "Half Moon Bay, CA", "Hallandale Beach, FL", "Hallowell, ME", "Halsey, OR", "Halstad, MN", "Halstead, KS", "Haltom City, TX", "Ham Lake, MN", "Hamburg, NY", "Hamburg, PA", "Hamilton, AL", "Hamilton, MT", "Hamilton, OH", "Hamilton, TX", "Hammond, IN", "Hammond, LA", "Hampshire, IL", "Hampstead, MD", "Hampton, GA", "Hampton, VA", "Hamtramck, MI", "Hancock, MI", "Hancock, MN", "Hanford, CA", "Hanover Park, IL", "Hanover, IL", "Hanover, MN", "Hanover, PA", "Hapeville, GA", "Happy Valley, OR", "Harker Heights, TX", "Harlan, IA", "Harlingen, TX", "Harmony, MN", "Harrah, OK", "Harrington, DE", "Harrisburg, NC", "Harrisburg, PA", "Harrisburg, SD", "Harrison, NY", "Harrison, OH", "Harrisonburg, VA", "Harrisonville, MO", "Hartford City, IN", "Hartford, CT", "Hartford, CT", "Hartford, IL", "Hartford, MI", "Hartford, SD", "Hartford, WI", "Hartland, WI", "Hartley, IA", "Hartselle, AL", "Hartsville, SC", "Harvard, IL", "Harvey Cedars, NJ", "Harvey, IL", "Harwood Heights, IL", "Hasbrouck Heights, NJ", "Hastings, MI", "Hastings, MN", "Hastings, NE", "Hastings-on-Hudson, NY", "Hatboro, PA", "Hatfield, PA", "Hattiesburg, MS", "Hauser, ID", "Havelock, NC", "Haverhill, MA", "Havre de Grace, MD", "Havre, MT", "Hawaiian Gardens, CA", "Hawarden, IA", "Hawkinsville, GA", "Hawley, MN", "Hawthorn Woods, IL", "Hawthorne, CA", "Hawthorne, NJ", "Hayden, CO", "Hayden, ID", "Hayfield, MN", "Hays, KS", "Haysville, KS", "Hayward, CA", "Hazard, KY", "Hazel Green, WI", "Hazel Park, MI", "Hazelwood, MO", "Hazleton, PA", "Healdsburg, CA", "Hearne, TX", "Heath, OH", "Heber City, UT", "Hebron, OH", "Hector, MN", "Heflin, AL", "Helena, AL", "Helena, MT", "Hemet, CA"]
    #US_CITIES13 = ["Hempstead, NY", "Henderson, NC", "Henderson, NE", "Henderson, NV", "Henderson, TX", "Hendersonville, NC", "Hendersonville, TN", "Henry, SD", "Heppner, OR", "Hercules, CA", "Hermantown, MN", "Hermiston, OR", "Hermitage, PA", "Hermosa Beach, CA", "Herndon, VA", "Heron Lake, MN", "Herreid, SD", "Herriman, UT", "Hesperia, CA", "Hesston, KS", "Hewitt, TX", "Hewitt, WI", "Hialeah Gardens, FL", "Hialeah, FL", "Hibbing, MN", "Hickory, NC", "Hickory, NC", "Hidden Hills, CA", "Higginsville, MO", "High Bridge, NJ", "High Point, NC", "High Springs, FL", "Highland Beach, FL", "Highland Park, IL", "Highland Park, MI", "Highland Park, TX", "Highland Village, TX", "Highland, CA", "Highland, IL", "Highlands, NC", "Highmore, SD", "Hightstown, NJ", "Hill City, MN", "Hill Country Village, TX", "Hillburn, NY", "Hilliard, OH", "Hillsboro, OR", "Hillsborough, CA", "Hillsborough, NC", "Hillsdale, MI", "Hillsdale, NJ", "Hillside, IL", "Hilshire Village, TX", "Hilton Head Island, SC", "Hilton, NY", "Hinesville, GA", "Hinsdale, IL", "Hobart, WI", "Hobbs, NM", "Hobgood, NC", "Hoboken, NJ", "Hoffman Estates, IL", "Holbrook, AZ", "Holden Beach, NC", "Holdrege, NE", "Holladay, UT", "Holland Patent, NY", "Holland, MI", "Hollidaysburg, PA", "Hollister, CA", "Hollister, MO", "Holly Hill, FL", "Holly Springs, GA", "Holly Springs, NC", "Holly, MI", "Hollywood, FL", "Holmen, WI", "Holmes Beach, FL", "Holton, KS", "Holtville, CA", "Holyoke, MA", "Homedale, ID", "Homer Glen, IL", "Homer, AK", "Homestead, FL", "Homewood, AL", "Homewood, IL", "Homewood, PA", "Hood River, OR", "Hoover, AL", "Hopatcong, NJ", "Hope Mills, NC", "Hopewell, VA", "Hopkins, MN", "Hopkinsville, KY", "Hoquiam, WA", "Hornbeck, LA", "Hornell, NY", "Horseheads, NY", "Horton, KS", "Hoschton, GA", "Hot Springs, AR", "Hot Springs, SD", "Houghton, MI", "Houma, LA", "Houston, MN", "Houston, TX", "Howard Lake, MN", "Howard, SD", "Howard, WI", "Howell, MI", "Hoyt Lakes, MN", "Hubbard, IA", "Hubbard, OH", "Hubbard, OR", "Huber Heights, OH", "Hudson, CO", "Hudson, IN", "Hudson, NC", "Hudson, OH", "Hudson, WI", "Hudsonville, MI", "Hueytown, AL", "Hughson, CA", "Hugo, MN", "Hugoton, KS", "Humble, TX", "Humboldt, IA", "Humboldt, SD", "Hunters Creek Village, TX", "Huntersville, NC", "Huntingburg, IN", "Huntingdon, PA", "Huntington Beach, CA", "Huntington Park, CA", "Huntington Woods, MI", "Huntington, IN", "Huntington, WV", "Huntington, WV", "Huntley, IL", "Huntsville, AL", "Huntsville, OH", "Huntsville, TX", "Huntsville, UT", "Hurlock, MD", "Huron, OH", "Huron, SD", "Hurricane, UT", "Hurst, TX", "Hustisford, WI", "Hutchinson, KS", "Hutchinson, MN", "Huxley, IA", "Hyattsville, MD", "Hypoluxo, FL", "Iberia, MO", "Idaho Falls, ID", "Idaho Springs, CO", "Idanha, OR", "Ilion, NY", "Ilwaco, WA", "Imperial Beach, CA", "Imperial, CA", "Imperial, NE", "Independence, IA", "Independence, KY", "Independence, MN", "Independence, MO", "Independence, OH", "Independence, OR", "Indialantic, FL", "Indian Beach, NC"]
    #US_CITIES14 = ["Indian Head, MD", "Indian Lake, PA", "Indian Trail, NC", "Indian Wells, CA", "Indianapolis, IN", "Indianola, IA", "Indio, CA", "Industry, CA", "Inglewood, CA", "International Falls, MN", "Inver Grove Heights, MN", "Iola, KS", "Ione, CA", "Iowa City, IA", "Iowa Falls, IA", "Irmo, SC", "Irmo, SC", "Irondale, AL", "Irvine, CA", "Irving, TX", "Irwindale, CA", "Isanti, MN", "Ishpeming, MI", "Islamorada, FL", "Island Heights, NJ", "Isle of Palms, SC", "Issaquah, WA", "Itasca, IL", "Ithaca, NY", "Ivanhoe, MN", "Ivins, UT", "Ivyland, PA", "Jackson, CA", "Jackson, GA", "Jackson, MI", "Jackson, MO", "Jackson, MS", "Jackson, TN", "Jackson, WI", "Jackson, WY", "Jacksonville Beach, FL", "Jacksonville, AL", "Jacksonville, AR", "Jacksonville, FL", "Jacksonville, IL", "Jacksonville, NC", "Jacksonville, TX", "Jamestown, NC", "Jamestown, ND", "Janesville, MN", "Janesville, WI", "Jasper, AL", "Jasper, IN", "Jasper, TX", "Jefferson City, MO", "Jeffersontown, KY", "Jellico, TN", "Jenkins, KY", "Jenks, OK", "Jennings, LA", "Jerome, ID", "Jerome, IL", "Jersey City, NJ", "Jersey Village, TX", "Jesup, IA", "John Day, OR", "Johnsburg, IL", "Johnson City, NY", "Johnson City, TN", "Johnson, VT", "Johnston, IA", "Johnstown, CO", "Johnstown, NY", "Johnstown, OH", "Joliet, IL", "Jonesboro, AR", "Jonesboro, GA", "Jonesboro, LA", "Jonestown, PA", "Jonesville, MI", "Joplin, MO", "Joplin, MO", "Jordan Valley, OR", "Jordan, MN", "Junction City, KS", "Junction City, OR", "Juneau, AK", "Juno Beach, FL", "Jupiter, FL", "Justice, IL", "Kadoka, SD", "Kaktovik, AK", "Kalama, WA", "Kalamazoo, MI", "Kalispell, MT", "Kanab, UT", "Kankakee, IL", "Kannapolis, NC", "Kannapolis, NC", "Kansas City, KS", "Kansas City, MO", "Kansas City, MO", "Kansas City, MO", "Kasson, MN", "Katy, TX", "Katy, TX", "Katy, TX", "Kaukauna, WI", "Kaysville, UT", "Kearney, NE", "Kearny, AZ", "Kearny, NJ", "Kechi, KS", "Keego Harbor, MI", "Keene, NH", "Keewatin, MN", "Keizer, OR", "Keller, TX", "Kelliher, MN", "Kellogg, ID", "Kelso, WA", "Kemah, TX", "Kemah, TX", "Kemmerer, WY", "Kenai, AK", "Kenly, NC", "Kenmore, NY", "Kenmore, WA", "Kennedy, MN", "Kenner, LA", "Kennesaw, GA", "Kennett Square, PA", "Kennewick, WA", "Kenosha, WI", "Kensington, MD", "Kent, OH", "Kent, WA", "Kenton, DE", "Kentwood, MI", "Kenyon, MN", "Kernersville, NC", "Kerrville, TX", "Ketchikan, AK", "Ketchum, ID", "Kettering, OH", "Kettle River, MN", "Kewaunee, WI", "Key Biscayne, FL", "Key Colony Beach, FL", "Key West, FL", "Kiawah Island, SC", "Kildeer, IL", "Kill Devil Hills, NC", "Killdeer, ND", "Killeen, TX", "Kimball, NE", "Kimball, SD", "Kimberly, ID", "Kimberly, WI", "King City, CA", "King City, OR", "King, NC", "Kingman, AZ", "Kings Mountain, NC", "Kingsburg, CA", "Kingsford, MI", "Kingsland, GA", "Kingsport, TN", "Kingsport, TN", "Kingston Springs, TN", "Kingston, NY", "Kingston, PA", "Kingsville, TX", "Kinston, NC", "Kirkland, WA", "Kirksville, MO", "Kirkwood, MO", "Kirtland, OH", "Kissimmee, FL", "Kitty Hawk, NC"]
    #US_CITIES15 = ["Kitzmiller, MD", "Klamath Falls, OR", "Knightdale, NC", "Knox, IN", "Knoxville, IA", "Knoxville, TN", "Kodiak, AK", "Kohler, WI", "Kokomo, IN", "Kotzebue, AK", "Krum, TX", "Kulm, ND", "Kuna, ID", "Kure Beach, NC", "Kutztown, PA", "Kyle, TX", "La Cañada Flintridge, CA", "La Center, WA", "La Conner, WA", "La Crescent, MN", "La Crosse, VA", "La Crosse, WI", "La Grande, OR", "La Grange Park, IL", "La Grange, GA", "La Grange, IL", "La Grange, TX", "La Habra Heights, CA", "La Habra, CA", "La Junta, CO", "La Mesa, CA", "La Mirada, CA", "La Palma, CA", "La Plata, MD", "La Porte, TX", "La Puente, CA", "La Quinta, CA", "La Vergne, TN", "La Verne, CA", "LaPorte, IN", "Lacey, WA", "Lackawanna, NY", "Laconia, NH", "Lacy-Lakeview, TX", "Lady Lake, FL", "Lafayette, CA", "Lafayette, CO", "Lafayette, IN", "Lafayette, LA", "Lafayette, OR", "Laflin, PA", "Lago Vista, TX", "Laguna Beach, CA", "Laguna Hills, CA", "Laguna Niguel, CA", "Laguna Woods, CA", "Lake Alfred, FL", "Lake Andes, SD", "Lake Benton, MN", "Lake Bluff, IL", "Lake Charles, LA", "Lake City, MN", "Lake Crystal, MN", "Lake Elmo, MN", "Lake Elsinore, CA", "Lake Forest Park, WA", "Lake Forest, CA", "Lake Forest, IL", "Lake Geneva, WI", "Lake Havasu City, AZ", "Lake Jackson, TX", "Lake Lillian, MN", "Lake Linden, MI", "Lake Lure, NC", "Lake Mary, FL", "Lake Mills, WI", "Lake Norden, SD", "Lake Odessa, MI", "Lake Oswego, OR", "Lake Park, FL", "Lake Park, IA", "Lake Park, NC", "Lake Placid, FL", "Lake Saint Croix Beach, MN", "Lake Saint Louis, MO", "Lake Shore, MN", "Lake Station, IN", "Lake Stevens, WA", "Lake View, IA", "Lake Villa, IL", "Lake Waccamaw, NC", "Lake Wales, FL", "Lake Worth, FL", "Lake Zurich, IL", "Lake in the Hills, IL", "Lakefield, MN", "Lakeland Shores, MN", "Lakeland, FL", "Lakeland, MN", "Lakeland, TN", "Lakeview, OR", "Lakeville, MN", "Lakeway, TX", "Lakewood, CA", "Lakewood, CO", "Lakewood, OH", "Lakewood, WA", "Lamar, CO", "Lamesa, TX", "Lampasas, TX", "Lancaster, CA", "Lancaster, NY", "Lancaster, OH", "Lancaster, PA", "Lancaster, TX", "Lancaster, WI", "Landover Hills, MD", "Langhorne Manor, PA", "Lansdale, PA", "Lansing, KS", "Lansing, MI", "Lansing, MI", "Lansing, MI", "Lansing, NY", "Lantana, FL", "Lapeer, MI", "Laramie, WY", "Larchmont, NY", "Laredo, TX", "Largo, FL", "Larkspur, CA", "Las Cruces, NM", "Las Vegas, NV", "Lathrop, CA", "Lathrup Village, MI", "Lauderdale Lakes, FL", "Lauderdale, MN", "Lauderhill, FL", "Laurel Park, NC", "Laurel, DE", "Laurel, MD", "Laurel, MS", "Laurel, MT", "Laurinburg, NC", "Laurium, MI", "Lavaca, AR", "Lavallette, NJ", "Lawndale, CA", "Lawrence, IN", "Lawrence, KS", "Lawrence, MA", "Lawrence, NY", "Lawrenceburg, TN", "Lawrenceville, GA", "Lawton, IA", "Lawton, OK", "Layton, UT", "Laytonsville, MD", "Le Claire, IA", "Le Sueur, MN", "League City, TX", "Leander, TX", "Leavenworth, KS", "Leawood, KS", "Lebanon, IN", "Lebanon, KY", "Lebanon, MO", "Lebanon, NH", "Lebanon, OH", "Lebanon, OR", "Lebanon, PA", "Lebanon, TN"]
    #US_CITIES16 = ["Leeds, AL", "Lees Summit, MO", "Leesburg, AL", "Leesburg, FL", "Leesburg, VA", "Leitchfield, KY", "Leland, MS", "Leland, NC", "Lemon Grove, CA", "Lemont, IL", "Lemoore, CA", "Lena, IL", "Lenexa, KS", "Lennox, SD", "Lenoir, NC", "Leominster, MA", "Leon Valley, TX", "Leonardtown, MD", "Letcher, SD", "Levelland, TX", "Lewes, DE", "Lewisburg, TN", "Lewisburg, WV", "Lewiston, ID", "Lewiston, ME", "Lewisville, NC", "Lewisville, TX", "Lexington, KY", "Lexington, NC", "Lexington, OH", "Lexington, SC", "Lexington, TN", "Lexington, VA", "Libby, MT", "Liberal, KS", "Liberty, MO", "Liberty, NC", "Liberty, NY", "Libertyville, IL", "Lighthouse Point, FL", "Lilburn, GA", "Lillington, NC", "Lilydale, MN", "Lima, OH", "Limon, CO", "Lincoln City, OR", "Lincoln Heights, OH", "Lincoln Park, MI", "Lincoln Park, NJ", "Lincoln, AL", "Lincoln, CA", "Lincoln, NE", "Lincoln, PA", "Lincolnshire, IL", "Lincolnton, NC", "Lincolnwood, IL", "Linden, MI", "Lindenhurst, IL", "Lindenhurst, NY", "Lindon, UT", "Lindsay, CA", "Lindsborg, KS", "Lindstrom, MN", "Lineville, AL", "Linn Grove, IA", "Lino Lakes, MN", "Lisbon, IA", "Lisle, IL", "Lismore, MN", "Litchfield Park, AZ", "Litchfield, CT", "Litchfield, IL", "Litchfield, MI", "Little Canada, MN", "Little Rock, AR", "Littlefield, TX", "Littleton, CO", "Live Oak, FL", "Live Oak, TX", "Livermore, CA", "Liverpool, NY", "Liverpool, PA", "Livingston, AL", "Livingston, LA", "Livingston, TX", "Livonia, MI", "Lock Haven, PA", "Lockhart, TX", "Lockland, OH", "Lockport, IL", "Lockport, LA", "Lockport, NY", "Locust Grove, GA", "Locust, NC", "Lodi, CA", "Lodi, WI", "Logan, IA", "Logan, UT", "Loganville, GA", "Loganville, GA", "Loma Linda, CA", "Lombard, IL", "Lomira, WI", "Lomita, CA", "Lompoc, CA", "London, OH", "Lone Tree, CO", "Long Beach, CA", "Long Beach, MS", "Long Beach, NY", "Long Branch, NJ", "Long Grove, IA", "Long Grove, IL", "Long Lake, MN", "Long Prairie, MN", "Longboat Key, FL", "Longboat Key, FL", "Longmont, CO", "Longview, NC", "Longview, TX", "Longview, WA", "Longwood, FL", "Lonsdale, MN", "Lookout Mountain, GA", "Loomis, CA", "Lorain, OH", "Loreauville, LA", "Loretto, TN", "Los Alamitos, CA", "Los Altos Hills, CA", "Los Altos, CA", "Los Angeles, CA", "Los Angeles, CA", "Los Banos, CA", "Los Gatos, CA", "Los Lunas, NM", "Los Ranchos de Albuquerque, NM", "Lost Nation, IA", "Louisa, VA", "Louisville, CO", "Louisville, KY", "Louisville, NE", "Louisville, OH", "Loveland, CO", "Loveland, OH", "Lovington, NM", "Lowden, IA", "Lowell, IN", "Lowell, MA", "Lowell, MI", "Lower Burrell, PA", "Lowry Crossing, TX", "Lubbock, TX", "Lucama, NC", "Lucas, TX", "Ludington, MI", "Ludlow, KY", "Ludlow, VT", "Lufkin, TX", "Lumberton, NC", "Lumpkin, GA", "Luray, VA", "Luverne, AL", "Luverne, MN", "Luxemburg, WI", "Lyman, WY", "Lynchburg, VA", "Lynden, WA", "Lynn Haven, FL", "Lynn, MA", "Lynnwood, WA", "Lynwood, CA", "Lyons, CO", "Lyons, OR", "Macclenny, FL", "Macedonia, OH", "Machesney Park, IL", "Mackinaw City, MI"]
    #US_CITIES17 = ["Mackinaw City, MI", "Macomb, IL", "Macon, GA", "Macungie, PA", "Madeira Beach, FL", "Madeira, OH", "Madelia, MN", "Madera, CA", "Madison Heights, MI", "Madison Heights, MI", "Madison Lake, MN", "Madison, AL", "Madison, GA", "Madison, MN", "Madison, MS", "Madison, NC", "Madison, NJ", "Madison, OH", "Madison, SD", "Madison, WI", "Madisonville, KY", "Maggie Valley, NC", "Magnolia, NJ", "Mahanoy City, PA", "Maharishi Vedic City, IA", "Mahtomedi, MN", "Maiden, NC", "Maitland, FL", "Maize, KS", "Malabar, FL", "Malden, MA", "Malibu, CA", "Malvern, PA", "Malverne, NY", "Mamaroneck, NY", "Mammoth Lakes, CA", "Manasquan, NJ", "Manassas Park, VA", "Manassas, VA", "Manchester, GA", "Manchester, GA", "Manchester, IA", "Manchester, MD", "Manchester, MI", "Manchester, MO", "Manchester, NH", "Manchester, VT", "Mandan, ND", "Mandeville, LA", "Manhattan Beach, CA", "Manhattan, KS", "Manhattan, KS", "Manilla, IA", "Manistee, MI", "Manistique, MI", "Manitou Springs, CO", "Manitowoc, WI", "Mankato, MN", "Manlius, NY", "Mansfield, OH", "Mansfield, TX", "Manteca, CA", "Manteo, NC", "Mantoloking, NJ", "Mantorville, MN", "Manvel, TX", "Maple Bluff, WI", "Maple Grove, MN", "Maple Heights, OH", "Maple Lake, MN", "Maple Plain, MN", "Maple Valley, WA", "Mapleton, MN", "Mapleton, UT", "Maplewood, MN", "Maplewood, MO", "Maquoketa, IA", "Marana, AZ", "Marathon, FL", "Marble Falls, TX", "Marcellus, NY", "Marco, FL", "Marengo, IA", "Marengo, IL", "Margate City, NJ", "Margate, FL", "Maricopa, AZ", "Marietta, GA", "Marietta, OK", "Marina, CA", "Marine City, MI", "Marine on Saint Croix, MN", "Marinette, WI", "Marion, AL", "Marion, IA", "Marion, IL", "Marion, NC", "Marion, SD", "Marion, VA", "Marion, WI", "Markleysburg, PA", "Marlborough, MA", "Marquette, MI", "Mars Hill, NC", "Marshall, IL", "Marshall, MI", "Marshall, MO", "Marshall, TX", "Marshall, WI", "Marshalltown, IA", "Marshfield, WI", "Martinez, CA", "Martins Additions, MD", "Martinsville, VA", "Marvin, NC", "Mary Esther, FL", "Maryland Heights, MO", "Marysville, CA", "Marysville, MI", "Marysville, PA", "Marysville, WA", "Maryville, MO", "Maryville, TN", "Mascoutah, IL", "Mason City, IA", "Mason, MI", "Mason, OH", "Massapequa Park, NY", "Massena, NY", "Massillon, OH", "Matinecock, NY", "Mattawan, MI", "Matteson, IL", "Matthews, NC", "Maumee, OH", "Maumelle, AR", "Maybrook, NY", "Mayer, MN", "Mayfield Heights, OH", "Mayfield, KY", "Mayfield, OH", "Mayodan, NC", "Maysville, KY", "Mayville, WI", "Maywood, CA", "Maywood, IL", "Mazomanie, WI", "McAlester, OK", "McAllen, TX", "McCall, ID", "McCallsburg, IA", "McCordsville, IN", "McFarland, CA", "McFarland, KS", "McFarland, WI", "McHenry, IL", "McKeesport, PA", "McKinney, TX", "McMinnville, OR", "McPherson, KS", "Mebane, NC", "Mechanicsburg, PA", "Mechanicsville, IA", "Mechanicville, NY", "Medford Lakes, NJ", "Medford, MA", "Medford, MN", "Medford, OR", "Media, PA", "Medical Lake, WA", "Medicine Lake, MN", "Medina, MN", "Medina, NY", "Medina, OH", "Medina, WA"]
    #US_CITIES18 = ["Medon, TN", "Meeker, CO", "Melba, ID", "Melbourne Beach, FL", "Melbourne, AR", "Melbourne, FL", "Melrose Park, IL", "Melrose, MA", "Melrose, MN", "Melvindale, MI", "Memphis, TN", "Mena, AR", "Menands, NY", "Menasha, WI", "Mendham, NJ", "Mendon, UT", "Mendota Heights, MN", "Mendota, CA", "Mendota, IL", "Menlo Park, CA", "Menno, SD", "Menomonee Falls, WI", "Mentor, OH", "Mequon, WI", "Merced, CA", "Mercer Island, WA", "Merchantville, NJ", "Meriden, CT", "Meridian Hills, IN", "Meridian, ID", "Meridian, MS", "Merriam, KS", "Merrill, WI", "Merrillville, IN", "Mesa, AZ", "Mesquite, NV", "Mesquite, TX", "Methuen, MA", "Metropolis, IL", "Metter, GA", "Mexico, MO", "Miami Beach, FL", "Miami Gardens, FL", "Miami Lakes, FL", "Miami Shores, FL", "Miami Springs, FL", "Miami, FL", "Miami, OK", "Miamisburg, OH", "Michiana Shores, IN", "Michigan City, IN", "Middleburg, VA", "Middlebury, IN", "Middlefield, OH", "Middlesex, NC", "Middleton, ID", "Middleton, WI", "Middletown, CT", "Middletown, DE", "Middletown, MD", "Middletown, NY", "Middletown, OH", "Middletown, PA", "Middleville, MI", "Midland, MI", "Midland, TX", "Midlothian, TX", "Midvale, UT", "Midway, FL", "Midwest City, OK", "Milaca, MN", "Milan, MI", "Milan, MN", "Milan, TN", "Milbank, SD", "Miles, IA", "Milford, CT", "Milford, DE", "Milford, DE", "Milford, IA", "Mill City, OR", "Mill Creek, WA", "Mill Valley, CA", "Millbrae, CA", "Millbrook, AL", "Milledgeville, GA", "Millersburg, OH", "Millersville, PA", "Milliken, CO", "Millington, TN", "Mills River, NC", "Millsboro, DE", "Millville, NJ", "Milpitas, CA", "Milton, DE", "Milton, FL", "Milton, WA", "Milton-Freewater, OR", "Milwaukee, WI", "Milwaukie, OR", "Minden, LA", "Mineral Springs, NC", "Minneapolis, KS", "Minneapolis, MN", "Minneola, FL", "Minnesota Lake, MN", "Minnetonka Beach, MN", "Minnetonka, MN", "Minnetrista, MN", "Minooka, IL", "Minot, ND", "Minster, OH", "Mint Hill, NC", "Minturn, CO", "Miramar, FL", "Mishawaka, IN", "Mission Hills, KS", "Mission Viejo, CA", "Mission, KS", "Mission, TX", "Missoula, MT", "Missouri City, TX", "Missouri City, TX", "Mitchell, SD", "Mitchellville, IA", "Moab, UT", "Moberly, MO", "Mobile, AL", "Mocksville, NC", "Modesto, CA", "Mohall, ND", "Mokena, IL", "Molalla, OR", "Moline, IL", "Monett, MO", "Monett, MO", "Monmouth, IL", "Monmouth, OR", "Monona, IA", "Monona, WI", "Monongahela, PA", "Monroe, GA", "Monroe, LA", "Monroe, MI", "Monroe, NC", "Monroe, NY", "Monroe, OH", "Monroe, WA", "Monroe, WI", "Monroeville, AL", "Monroeville, OH", "Monroeville, PA", "Monrovia, CA", "Montclair, CA", "Monte Sereno, CA", "Monte Vista, CO", "Montebello, CA", "Monterey Park, CA", "Monterey, CA", "Montesano, WA", "Montevallo, AL", "Montevideo, MN", "Montezuma, GA", "Montgomery, AL", "Montgomery, IL", "Montgomery, OH", "Monticello, IA", "Monticello, IL", "Monticello, MN", "Monticello, NY", "Montpelier, ID", "Montpelier, VT", "Montreat, NC", "Montrose, CO", "Montvale, NJ", "Monument, CO", "Moore, OK"]
    #US_CITIES19 = ["Mooresville, NC", "Moorhead, MN", "Moorpark, CA", "Moosic, PA", "Moraga, CA", "Moraine, OH", "Moravia, NY", "Morehead City, NC", "Moreland Hills, OH", "Moreno Valley, CA", "Morgan City, LA", "Morgan Hill, CA", "Morganton, NC", "Morgantown, WV", "Morning Sun, IA", "Morningside, MD", "Morocco, IN", "Morrice, MI", "Morris, MN", "Morrison, CO", "Morrison, IL", "Morristown, MN", "Morristown, TN", "Morrisville, NC", "Morrisville, PA", "Morro Bay, CA", "Morrow, GA", "Morton Grove, IL", "Morton, IL", "Morton, MN", "Moscow, ID", "Mosier, OR", "Mosinee, WI", "Moultrie, GA", "Mound, MN", "Mounds View, MN", "Mount Airy, MD", "Mount Airy, MD", "Mount Airy, NC", "Mount Angel, OR", "Mount Arlington, NJ", "Mount Clemens, MI", "Mount Dora, FL", "Mount Gilead, NC", "Mount Gilead, OH", "Mount Healthy, OH", "Mount Holly, NC", "Mount Horeb, WI", "Mount Jackson, VA", "Mount Juliet, TN", "Mount Morris, MI", "Mount Morris, NY", "Mount Pleasant, IA", "Mount Pleasant, MI", "Mount Pleasant, SC", "Mount Pleasant, TX", "Mount Prospect, IL", "Mount Rainier, MD", "Mount Shasta, CA", "Mount Vernon, IA", "Mount Vernon, IL", "Mount Vernon, MO", "Mount Vernon, NY", "Mount Vernon, OH", "Mount Vernon, WA", "Mount Zion, IL", "Mountain Brook, AL", "Mountain Home, ID", "Mountain Iron, MN", "Mountain Lake Park, MD", "Mountain Lake, MN", "Mountain Lakes, NJ", "Mountain Park, GA", "Mountain View, CA", "Mountain Village, CO", "Mountlake Terrace, WA", "Mukilteo, WA", "Mukwonago, WI", "Mullins, SC", "Mulvane, KS", "Mulvane, KS", "Muncie, IN", "Mundelein, IL", "Munford, TN", "Munroe Falls, OH", "Munster, IN", "Murfreesboro, TN", "Murphysboro, IL", "Murray, KY", "Murrieta, CA", "Murrysville, PA", "Muscatine, IA", "Muscle Shoals, AL", "Muskego, WI", "Muskegon Heights, MI", "Muskegon, MI", "Muskogee, OK", "Mustang, OK", "Myersville, MD", "Myrtle Beach, SC", "Myrtle Creek, OR", "Nacogdoches, TX", "Nags Head, NC", "Nampa, ID", "Napa, CA", "Naperville, IL", "Naples, FL", "Napoleon, OH", "Narberth, PA", "Nashua, NH", "Nashville, AR", "Nashville, IN", "Nashville, NC", "Nashwauk, MN", "Nassau Bay, TX", "Natchitoches, LA", "National City, CA", "Naugatuck, CT", "Navarre, OH", "Nazareth, PA", "Nederland, CO", "Needles, CA", "Neenah, WI", "Negaunee, MI", "Neosho, MO", "Neptune Beach, FL", "Neptune City, NJ", "Netcong, NJ", "Nevada, IA", "Nevada, MO", "Nevis, MN", "New Albany, IN", "New Albany, OH", "New Baltimore, MI", "New Bedford, MA", "New Berlin, IL", "New Berlin, WI", "New Bern, NC", "New Braunfels, TX", "New Bremen, OH", "New Brighton, MN", "New Britain, CT", "New Brunswick, NJ", "New Carrollton, MD", "New Castle, CO", "New Castle, DE", "New Castle, PA", "New Franklin, MO", "New Freedom, PA", "New Glarus, WI", "New Hampton, IA", "New Hartford, NY", "New Haven, CT", "New Haven, IN", "New Hope, MN", "New Hyde Park, NY", "New Iberia, LA", "New Knoxville, OH", "New Lebanon, OH", "New Lenox, IL", "New Lexington, OH", "New Lisbon, WI", "New London, CT", "New London, OH"]
    #US_CITIES20 = ["New London, WI", "New Madrid, MO", "New Market, MD", "New Market, MN", "New Market, VA", "New Meadows, ID", "New Orleans, LA", "New Paltz, NY", "New Philadelphia, OH", "New Plymouth, ID", "New Port Richey, FL", "New Prague, MN", "New Prague, MN", "New Providence, NJ", "New Richland, MN", "New Richmond, WI", "New Roads, LA", "New Rochelle, NY", "New Smyrna Beach, FL", "New Ulm, MN", "New Underwood, SD", "New Windsor, MD", "New York Mills, MN", "New York, NY", "New York, NY", "New York, NY", "New York, NY", "New York, NY", "Newark, CA", "Newark, DE", "Newark, NJ", "Newark, OH", "Newark, TX", "Newberg, OR", "Newberry, SC", "Newburgh, IN", "Newburgh, NY", "Newburyport, MA", "Newcastle, WA", "Newcomerstown, OH", "Newell, SD", "Newfane, VT", "Newland, NC", "Newman, CA", "Newnan, GA", "Newport Beach, CA", "Newport News, VA", "Newport, DE", "Newport, KY", "Newport, MN", "Newport, OR", "Newport, RI", "Newport, VT", "Newport, WA", "Newton Grove, NC", "Newton, IA", "Newton, KS", "Newton, MA", "Newton, MS", "Newton, NC", "Newtown, CT", "Newtown, PA", "Niagara Falls, NY", "Niceville, FL", "Nichols Hills, OK", "Nicoma Park, OK", "Niederwald, TX", "Niederwald, TX", "Niles, IL", "Niles, MI", "Niles, OH", "Nisland, SD", "Nisswa, MN", "Nixa, MO", "Noblesville, IN", "Nogales, AZ", "Nome, AK", "Norco, CA", "Norcross, GA", "Norfolk, NE", "Norfolk, VA", "Normal, IL", "Norman, OK", "Normandy Park, WA", "Normandy, MO", "Norristown, PA", "North Augusta, SC", "North Aurora, IL", "North Barrington, IL", "North Bay Village, FL", "North Beach, MD", "North Bend, WA", "North Branch, MN", "North Brentwood, MD", "North Canton, OH", "North Charleston, SC", "North Chevy Chase, MD", "North Chicago, IL", "North College Hill, OH", "North East, MD", "North Fond du Lac, WI", "North Hudson, WI", "North Kansas City, MO", "North Las Vegas, NV", "North Lauderdale, FL", "North Liberty, IA", "North Little Rock, AR", "North Logan, UT", "North Manchester, IN", "North Mankato, MN", "North Miami Beach, FL", "North Miami, FL", "North Muskegon, MI", "North Myrtle Beach, SC", "North Newton, KS", "North Oaks, MN", "North Ogden, UT", "North Olmsted, OH", "North Palm Beach, FL", "North Perry, OH", "North Plainfield, NJ", "North Plains, OR", "North Platte, NE", "North Pole, AK", "North Port, FL", "North Prairie, WI", "North Redington Beach, FL", "North Richland Hills, TX", "North Ridgeville, OH", "North Riverside, IL", "North Royalton, OH", "North Saint Paul, MN", "North Salt Lake, UT", "North Sioux City, SD", "North Syracuse, NY", "North Topsail Beach, NC", "North Wilkesboro, NC", "North, SC", "Northampton, MA", "Northbrook, IL", "Northfield, MN", "Northglenn, CO", "Northlake, IL", "Northport, AL", "Northumberland, PA", "Northville, MI", "Northville, MI", "Northwest, NC", "Northwood, IA", "Northwood, OH", "Norton Shores, MI", "Norton, OH", "Norton, VA", "Norton, VA", "Norwalk, CA", "Norwalk, CT", "Norwalk, IA", "Norwalk, OH", "Norway, MI", "Norwich, CT", "Norwich, NY"]
    #US_CITIES21 = ["Norwood Young America, MN", "Norwood, OH", "Novato, CA", "Novi, MI", "Nyack, NY", "Nyssa, OR", "O'Fallon, IL", "O'Fallon, MO", "Oak Brook, IL", "Oak Creek, WI", "Oak Forest, IL", "Oak Grove, MN", "Oak Grove, MO", "Oak Harbor, OH", "Oak Harbor, WA", "Oak Island, NC", "Oak Lawn, IL", "Oak Park Heights, MN", "Oak Park, IL", "Oak Park, MI", "Oak Ridge North, TX", "Oak Ridge, NC", "Oak Ridge, TN", "Oak Ridge, TN", "Oakboro, NC", "Oakbrook Terrace, IL", "Oakdale, CA", "Oakdale, MN", "Oakes, ND", "Oakfield, NY", "Oakland Park, FL", "Oakland, CA", "Oakland, MO", "Oakland, NJ", "Oakley, CA", "Oakridge, OR", "Oakwood, OH", "Obetz, OH", "Oblong, IL", "Ocala, FL", "Ocean Beach, NY", "Ocean City, MD", "Ocean Isle Beach, NC", "Ocean Ridge, FL", "Ocean Shores, WA", "Ocean Springs, MS", "Ocean View, DE", "Oceanside, CA", "Ocoee, FL", "Oconomowoc, WI", "Oconto Falls, WI", "Odebolt, IA", "Odessa, DE", "Odessa, MO", "Odessa, TX", "Odum, GA", "Oelwein, IA", "Ogallala, NE", "Ogden, UT", "Ogdensburg, NY", "Ojai, CA", "Okeechobee, FL", "Oklahoma City, OK", "Oklahoma City, OK", "Olathe, KS", "Old Field, NY", "Old Tappan, NJ", "Old Town, ME", "Oldsmar, FL", "Olean, NY", "Olive Branch, MS", "Olive Hill, KY", "Oliver Springs, TN", "Oliver Springs, TN", "Olivette, MO", "Olivia, MN", "Olmsted Falls, OH", "Olympia, WA", "Omaha, NE", "Onalaska, WI", "Oneida, NY", "Oneonta, NY", "Ontario, CA", "Ontario, OH", "Ontario, OR", "Oostburg, WI", "Opelika, AL", "Opelousas, LA", "Orange Beach, AL", "Orange, CA", "Orange, OH", "Orange, TX", "Orange, VA", "Orangeburg, SC", "Orchard Lake, MI", "Orchard Park, NY", "Oregon City, OR", "Oregon, OH", "Oregon, WI", "Orem, UT", "Oriental, NC", "Orinda, CA", "Orland Hills, IL", "Orland Park, IL", "Orlando, FL", "Orleans, IN", "Ormond Beach, FL", "Oro Valley, AZ", "Orono, MN", "Oronoco, MN", "Oroville, CA", "Orrville, OH", "Ortonville, MI", "Ortonville, MN", "Orwell, OH", "Osage Beach, MO", "Osage City, KS", "Osakis, MN", "Osborne, PA", "Oshkosh, NE", "Oshkosh, WI", "Oskaloosa, IA", "Osseo, MN", "Ossining, NY", "Oswego, IL", "Oswego, NY", "Otisville, NY", "Otsego, MI", "Otsego, MN", "Ottawa Hills, OH", "Ottawa, KS", "Ottawa, OH", "Ottoville, OH", "Ottumwa, IA", "Overland Park, KS", "Overland, MO", "Overton, TX", "Oviedo, FL", "Owasso, OK", "Owatonna, MN", "Owensboro, KY", "Owosso, MI", "Oxford Junction, IA", "Oxford, AL", "Oxford, GA", "Oxford, MD", "Oxford, MS", "Oxford, NC", "Oxford, OH", "Oxnard, CA", "Ozark, AL", "Ozark, MO", "Pacific Grove, CA", "Pacific, MO", "Pacific, WA", "Pacifica, CA", "Paducah, KY", "Page, AZ", "Pagosa Springs, CO", "Painesville, OH", "Paisley, OR", "Palacios, TX", "Palatine, IL", "Palatka, FL", "Palestine, TX", "Palm Bay, FL", "Palm Beach Gardens, FL", "Palm Beach Shores, FL", "Palm Beach, FL", "Palm Coast, FL", "Palm Desert, CA", "Palm Springs, CA", "Palm Springs, FL", "Palmdale, CA", "Palmer Lake, CO", "Palmetto, FL", "Palmyra, NY", "Palo Alto, CA", "Palos Heights, IL", "Palos Hills, IL"]
    #US_CITIES22 = ["Palos Park, IL", "Palos Verdes Estates, CA", "Pampa, TX", "Panama City Beach, FL", "Panama City, FL", "Pantego, TX", "Paola, KS", "Papillion, NE", "Paradise Valley, AZ", "Paradise, CA", "Paramount, CA", "Parchment, MI", "Paris, IL", "Park City, KS", "Park City, UT", "Park Forest, IL", "Park Hills, MO", "Park Rapids, MN", "Park Ridge, IL", "Parker, AZ", "Parker, CO", "Parkers Prairie, MN", "Parkersburg, IA", "Parkersburg, WV", "Parkesburg, PA", "Parkland, FL", "Parkside, PA", "Parkville, MO", "Parlier, CA", "Parma, OH", "Pasadena Hills, MO", "Pasadena, CA", "Pasadena, TX", "Pascagoula, MS", "Pasco, WA", "Paso Robles, CA", "Pass Christian, MS", "Passaic, NJ", "Pataskala, OH", "Pataskala, OH", "Patchogue, NY", "Paterson, NJ", "Patterson, CA", "Patton, PA", "Paullina, IA", "Paw Paw, MI", "Pawtucket, RI", "Payette, ID", "Paynesville, MN", "Payson, AZ", "Payson, UT", "Peabody, MA", "Peachtree City, GA", "Pearisburg, VA", "Pearl, MS", "Pearland, TX", "Pearland, TX", "Pearland, TX", "Pearson, GA", "Peekskill, NY", "Pegram, TN", "Pekin, IL", "Pelham Manor, NY", "Pelham, AL", "Pelham, NY", "Pelican Rapids, MN", "Pelican, AK", "Pell City, AL", "Pella, IA", "Pellston, MI", "Pemberville, OH", "Pembroke Pines, FL", "Pembroke, GA", "Pen Argyl, PA", "Pendleton, IN", "Pendleton, OR", "Pendleton, SC", "Pennington, NJ", "Pensacola, FL", "Peoria, AZ", "Peoria, IL", "Peotone, IL", "Pepper Pike, OH", "Pequot Lakes, MN", "Perham, MN", "Perkasie, PA", "Perkins, OK", "Perris, CA", "Perry, GA", "Perry, MI", "Perry, NY", "Perrysburg, OH", "Perryton, TX", "Perryville, MD", "Perth Amboy, NJ", "Peru, IN", "Pesotum, IL", "Petaluma, CA", "Petersburg, AK", "Petersburg, IN", "Petersburg, VA", "Petoskey, MI", "Pewaukee, WI", "Pflugerville, TX", "Phelps, NY", "Phenix City, AL", "Philadelphia, PA", "Philippi, WV", "Philomath, OR", "Phoenix, AZ", "Phoenix, OR", "Phoenixville, PA", "Picayune, MS", "Pickerington, OH", "Pico Rivera, CA", "Piedmont, AL", "Piedmont, MO", "Piedmont, OK", "Pierre, SD", "Pikeville, NC", "Pilot Mountain, NC", "Pilot Rock, OR", "Pinckney, MI", "Pinckneyville, IL", "Pine City, MN", "Pine Hill, NJ", "Pine Island, MN", "Pine Knoll Shores, NC", "Pine Lake, GA", "Pinecrest, FL", "Pinehurst, NC", "Pinellas Park, FL", "Pinetop-Lakeside, AZ", "Pinetops, NC", "Pineville, LA", "Pineville, NC", "Pinole, CA", "Pinole, CA", "Piperton, TN", "Pipestone, MN", "Piqua, OH", "Pismo Beach, CA", "Pitman, NJ", "Pittsboro, NC", "Pittsburg, CA", "Pittsburg, KS", "Pittsburgh, PA", "Pittsfield, IL", "Pittsfield, MA", "Pittsford, NY", "Placentia, CA", "Placerville, CA", "Plainfield, IA", "Plainfield, IL", "Plainfield, IN", "Plainfield, NJ", "Plainview, MN", "Plainview, TX", "Plainwell, MI", "Plano, IL", "Plano, TX", "Plant City, FL", "Plantation, FL", "Plaquemine, LA", "Platte City, MO", "Platteville, CO", "Platteville, WI", "Pleasant Garden, NC", "Pleasant Grove, UT", "Pleasant Hill, CA", "Pleasant Hill, IA", "Pleasant Hill, MO", "Pleasant Hills, PA"]
    #US_CITIES23 = ["Pleasanton, CA", "Pleasantville, NY", "Plover, WI", "Plum, PA", "Plymouth, IA", "Plymouth, MI", "Plymouth, MN", "Plymouth, NC", "Plymouth, WI", "Pocahontas, IA", "Pocomoke City, MD", "Point Pleasant Beach, NJ", "Point Pleasant, NJ", "Polk City, FL", "Polkton, NC", "Pomona, CA", "Pompano Beach, FL", "Ponca City, OK", "Ponce Inlet, FL", "Poncha Springs, CO", "Ponchatoula, LA", "Pontiac, IL", "Pontiac, MI", "Pooler, GA", "Poolesville, MD", "Poplar Bluff, MO", "Poquoson, VA", "Port Allen, LA", "Port Angeles, WA", "Port Aransas, TX", "Port Arthur, TX", "Port Byron, IL", "Port Byron, NY", "Port Chester, NY", "Port Clinton, OH", "Port Deposit, MD", "Port Hueneme, CA", "Port Huron, MI", "Port Jefferson, NY", "Port Jervis, NY", "Port Lavaca, TX", "Port Orange, FL", "Port Orford, OR", "Port Royal, SC", "Port Saint Lucie, FL", "Port Townsend, WA", "Port Vincent, LA", "Port Washington, WI", "Port Wentworth, GA", "Portage, IN", "Portage, MI", "Portage, WI", "Portales, NM", "Porter, IN", "Porterville, CA", "Portland, ME", "Portland, MI", "Portland, OR", "Portland, TX", "Portola Valley, CA", "Portola, CA", "Portsmouth, NH", "Portsmouth, OH", "Portsmouth, VA", "Post Falls, ID", "Postville, IA", "Poteau, OK", "Pottstown, PA", "Pottsville, PA", "Poughkeepsie, NY", "Poulsbo, WA", "Poway, CA", "Powder Springs, GA", "Powell, OH", "Prairie City, IA", "Prairie City, OR", "Prairie Village, KS", "Prairie du Sac, WI", "Prattville, AL", "Prescott Valley, AZ", "Prescott, AZ", "Prescott, MI", "Prescott, WI", "Presque Isle, ME", "Preston, MN", "Price, UT", "Priest River, ID", "Primghar, IA", "Princeton, IN", "Princeton, MN", "Princeville, IL", "Prineville, OR", "Prior Lake, MN", "Proctor, MN", "Prospect Heights, IL", "Prospect, KY", "Prosper, TX", "Prosperity, SC", "Providence, RI", "Provo, UT", "Pryor, OK", "Pueblo, CO", "Pulaski, TN", "Pulaski, VA", "Pullman, WA", "Punta Gorda, FL", "Punxsutawney, PA", "Purcell, OK", "Purcellville, VA", "Puyallup, WA", "Quakertown, PA", "Quartzsite, AZ", "Quasqueton, IA", "Queen Creek, AZ", "Queen Creek, AZ", "Queenstown, MD", "Quincy, FL", "Quincy, IL", "Quincy, MA", "Quintana, TX", "Racine, WI", "Radcliff, KY", "Radford, VA", "Raeford, NC", "Rahway, NJ", "Rainbow City, AL", "Raleigh, NC", "Ralston, NE", "Ramseur, NC", "Ramsey, MN", "Ramsey, NJ", "Rancho Cordova, CA", "Rancho Cucamonga, CA", "Rancho Mirage, CA", "Rancho Palos Verdes, CA", "Rancho Santa Margarita, CA", "Randall, MN", "Randleman, NC", "Rantoul, IL", "Rapid City, SD", "Rathdrum, ID", "Ravenna, OH", "Rawlins, WY", "Raymond, MS", "Raymore, MO", "Rayne, LA", "Raytown, MO", "Reading, MI", "Reading, OH", "Reading, PA", "Red Bank, TN", "Red Bluff, CA", "Red Hook, NY", "Red Lion, PA", "Red Oak, TX", "Red River, NM", "Red Springs, NC", "Red Wing, MN", "Redding, CA", "Redfield, IA", "Redfield, SD", "Redington Beach, FL", "Redington Shores, FL", "Redlands, CA", "Redmond, OR", "Redmond, WA", "Redondo Beach, CA", "Redwood City, CA", "Redwood Falls, MN"]
    #US_CITIES24 = ["Reed City, MI", "Reedley, CA", "Reedsport, OR", "Rehobeth, AL", "Rehoboth Beach, DE", "Reidsville, NC", "Reinbeck, IA", "Reminderville, OH", "Reno, NV", "Renton, WA", "Renville, MN", "Republic, MO", "Revere, MA", "Rexburg, ID", "Reynoldsburg, OH", "Rialto, CA", "Rice Lake, WI", "Richardson, TX", "Richfield, MN", "Richfield, OH", "Richfield, UT", "Richland Hills, TX", "Richland, WA", "Richmond Heights, MO", "Richmond Hill, GA", "Richmond, CA", "Richmond, IL", "Richmond, IN", "Richmond, KY", "Richmond, MI", "Richmond, VA", "Richton Park, IL", "Ridgecrest, CA", "Ridgefield Park, NJ", "Ridgeland, MS", "Ridgeland, SC", "Ridgely, MD", "Ridgewood, NJ", "Rifle, CO", "Rigby, ID", "Rincon, GA", "Ringgold, GA", "Ringwood, NJ", "Rio Grande City, TX", "Rio Rancho, NM", "Rio Rancho, NM", "Rio Vista, CA", "Ripon, CA", "Ripon, WI", "Rittman, OH", "River Bend, NC", "River Falls, WI", "River Forest, IL", "River Oaks, TX", "Riverbank, CA", "Riverdale Park, MD", "Riverdale, GA", "Riverdale, UT", "Riverside, CA", "Riverside, IL", "Riverside, MO", "Riverside, OH", "Riverside, PA", "Riverton, UT", "Riverton, WY", "Riverview, MI", "Riverwoods, IL", "Riviera Beach, FL", "Roanoke Rapids, NC", "Roanoke, IL", "Roanoke, VA", "Robbinsdale, MN", "Robertsdale, AL", "Robins, IA", "Rochester Hills, MI", "Rochester, IL", "Rochester, IN", "Rochester, MI", "Rochester, MN", "Rochester, NH", "Rochester, NY", "Rock Falls, IA", "Rock Falls, IL", "Rock Hall, MD", "Rock Hill, MO", "Rock Hill, SC", "Rock Island, IL", "Rock Springs, WY", "Rockaway Beach, OR", "Rockdale, IL", "Rockford, IL", "Rockford, MI", "Rockford, MN", "Rockland, ME", "Rockledge, FL", "Rocklin, CA", "Rockmart, GA", "Rockport, TX", "Rockton, IL", "Rockville Centre, NY", "Rockville, MD", "Rockville, MN", "Rockwall, TX", "Rockwell, IA", "Rockwell, NC", "Rocky Mount, NC", "Rocky Mount, NC", "Rocky Mount, VA", "Rocky River, OH", "Roeland Park, KS", "Rogers, AR", "Rogers, MN", "Rogue River, OR", "Rohnert Park, CA", "Roland, IA", "Rolesville, NC", "Rolfe, IA", "Rolla, MO", "Rolling Hills Estates, CA", "Rolling Hills, CA", "Rolling Meadows, IL", "Rome, GA", "Rome, NY", "Romeoville, IL", "Romulus, MI", "Rose Hill, KS", "Roseau, MN", "Roseburg, OR", "Roseland, NJ", "Roselle Park, NJ", "Roselle, IL", "Roselle, IL", "Rosemount, MN", "Rosenberg, TX", "Roseville, CA", "Roseville, MI", "Roseville, MN", "Rosholt, WI", "Rossford, OH", "Roswell, GA", "Roswell, NM", "Round Hill, VA", "Round Lake Beach, IL", "Round Lake Heights, IL", "Round Lake Park, IL", "Round Lake, IL", "Round Lake, MN", "Round Lake, NY", "Round Rock, TX", "Rowland, NC", "Rowlett, TX", "Roxboro, NC", "Roy, UT", "Royal Oak, MI", "Royal Oak, MI", "Royal Palm Beach, FL", "Royse City, TX", "Rugby, ND", "Ruidoso Downs, NM", "Rupert, ID", "Rural Hall, NC", "Rural Retreat, VA", "Rushford, MN", "Rushville, IN", "Rusk, TX", "Russell, KS", "Russellville, AL", "Russellville, AR", "Ruston, LA", "Rutherford, NJ", "Rutland, VT", "Rutledge, GA", "Rye Brook, NY"]
    #US_CITIES25 = ["Rye, NY", "Sabetha, KS", "Sabetha, KS", "Sachse, TX", "Sacramento, CA", "Saddle Rock, NY", "Safety Harbor, FL", "Safford, AZ", "Saginaw, MI", "Saginaw, TX", "Sahuarita, AZ", "Saint Albans, WV", "Saint Anthony, ID", "Saint Anthony, MN", "Saint Augusta, MN", "Saint Bernard, OH", "Saint Bonifacius, MN", "Saint Charles, IL", "Saint Charles, MI", "Saint Charles, MN", "Saint Charles, MO", "Saint Clair Shores, MI", "Saint Clair, MI", "Saint Clair, MN", "Saint Clair, MO", "Saint Clairsville, OH", "Saint Cloud, MN", "Saint Cloud, MN", "Saint Francis, MN", "Saint Francis, WI", "Saint Francisville, LA", "Saint Gabriel, LA", "Saint George, UT", "Saint Helena, CA", "Saint Helens, OR", "Saint James, MN", "Saint James, MO", "Saint John, IN", "Saint John, KS", "Saint Johns, AZ", "Saint Johns, MI", "Saint Johns, MO", "Saint Joseph, LA", "Saint Joseph, MI", "Saint Joseph, MN", "Saint Joseph, MO", "Saint Louis Park, MN", "Saint Louis, MI", "Saint Louis, MO", "Saint Marys Point, MN", "Saint Marys, GA", "Saint Marys, PA", "Saint Michael, MN", "Saint Nazianz, WI", "Saint Paul Park, MN", "Saint Paul, MN", "Saint Pauls, NC", "Saint Peter, MN", "Saint Peters, MO", "Saint Regis Park, KY", "Saint Robert, MO", "Salem, IL", "Salem, MA", "Salem, OH", "Salem, OR", "Salem, SD", "Salem, VA", "Salina, KS", "Salinas, CA", "Saline, MI", "Salisbury, MD", "Salisbury, NC", "Sallisaw, OK", "Salmon, ID", "Salt Lake City, UT", "Saltaire, NY", "Saltsburg, PA", "Saluda, SC", "Sammamish, WA", "San Angelo, TX", "San Anselmo, CA", "San Antonio, TX", "San Benito, TX", "San Bernardino, CA", "San Bruno, CA", "San Carlos, CA", "San Clemente, CA", "San Diego, CA", "San Dimas, CA", "San Fernando, CA", "San Francisco, CA", "San Gabriel, CA", "San Jacinto, CA", "San Joaquin, CA", "San Jose, CA", "San Juan Capistrano, CA", "San Leandro, CA", "San Luis Obispo, CA", "San Marcos, CA", "San Marcos, TX", "San Marino, CA", "San Mateo, CA", "San Pablo, CA", "San Rafael, CA", "San Ramon, CA", "San Saba, TX", "Sand City, CA", "Sand Springs, OK", "Sandersville, GA", "Sandpoint, ID", "Sands Point, NY", "Sandstone, MN", "Sandusky, MI", "Sandusky, OH", "Sandwich, IL", "Sandy City, UT", "Sandy, OR", "Sanford, FL", "Sanford, NC", "Sanger, CA", "Sanibel, FL", "Santa Ana, CA", "Santa Barbara, CA", "Santa Clara, CA", "Santa Clara, UT", "Santa Clarita, CA", "Santa Cruz, CA", "Santa Fe Springs, CA", "Santa Fe, NM", "Santa Fe, TX", "Santa Maria, CA", "Santa Monica, CA", "Santa Paula, CA", "Santa Rosa, CA", "Santee, CA", "Sapulpa, OK", "Saraland, AL", "Sarasota, FL", "Saratoga Springs, NY", "Saratoga, CA", "Saratoga, WY", "Sardis City, AL", "Sartell, MN", "Satellite Beach, FL", "Satsuma, AL", "Saugatuck, MI", "Saugerties, NY", "Sauk Centre, MN", "Sauk City, WI", "Sauk Rapids, MN", "Saukville, WI", "Sault Ste. Marie, MI", "Sausalito, CA", "Savage, MN", "Savanna, IL", "Savannah, GA", "Savannah, TN", "Savoy, IL", "Saxonburg, PA", "Sayre, PA", "Sayreville, NJ", "Scappoose, OR", "Scarsdale, NY"]
    #US_CITIES26 = ["Schaumburg, IL", "Schererville, IN", "Schertz, TX", "Schiller Park, IL", "Schwenksville, PA", "Science Hill, KY", "Scotts Mills, OR", "Scotts Valley, CA", "Scottsbluff, NE", "Scottsboro, AL", "Scottsdale, AZ", "Scottsville, VA", "Scottsville, VA", "Scottville, MI", "Scranton, PA", "Sea Isle City, NJ", "Seabrook Island, SC", "Seabrook, TX", "Seaford, DE", "Seal Beach, CA", "Sealy, TX", "Searcy, AR", "Seaside, CA", "Seaside, OR", "Seat Pleasant, MD", "Seattle, WA", "Sebastian, FL", "Sebastopol, CA", "Sebeka, MN", "Sebring, OH", "Secaucus, NJ", "Sedalia, MO", "Sedgwick, KS", "Sedgwick, KS", "Sedona, AZ", "Sedro-Woolley, WA", "Seguin, TX", "Selah, WA", "Selbyville, DE", "Seldovia, AK", "Selinsgrove, PA", "Selma, AL", "Selma, CA", "Selma, NC", "Selma, TX", "Seneca, SC", "Senoia, GA", "Sequim, WA", "Sergeant Bluff, IA", "Seven Devils, NC", "Seven Fields, PA", "Seven Hills, OH", "Sevierville, TN", "Seville, OH", "Seward, NE", "Seymour, IN", "Seymour, MO", "Seymour, TX", "Shady Cove, OR", "Shady Shores, TX", "Shafter, CA", "Shaker Heights, OH", "Shakopee, MN", "Shalimar, FL", "Shallotte, NC", "Sharon Hill, PA", "Sharonville, OH", "Sharpsville, PA", "Shasta Lake, CA", "Shawnee Hills, OH", "Shawnee, KS", "Shawnee, OK", "Sheboygan, WI", "Sheffield, AL", "Shelby, IA", "Shelby, MT", "Shelby, NC", "Shelbyville, IN", "Shelbyville, KY", "Shelbyville, TN", "Sheldon, IA", "Shell Rock, IA", "Shelley, ID", "Shelton, CT", "Shelton, WA", "Shenandoah, TX", "Shenandoah, VA", "Shepherd, MI", "Shepherdstown, WV", "Shepherdsville, KY", "Sherburn, MN", "Sheridan, CO", "Sheridan, WY", "Sherman, TX", "Sherrill, NY", "Sherwood, AR", "Sherwood, OR", "Shiloh, IL", "Shinnston, WV", "Ship Bottom, NJ", "Shippensburg, PA", "Shipshewana, IN", "Shoreline, WA", "Shoreview, MN", "Shorewood Hills, WI", "Shorewood, IL", "Shorewood, MN", "Shorewood, WI", "Shorter, AL", "Show Low, AZ", "Shreveport, LA", "Sidney, OH", "Sierra Vista, AZ", "Signal Hill, CA", "Signal Mountain, TN", "Sikeston, MO", "Sikeston, MO", "Siler City, NC", "Siloam Springs, AR", "Silt, CO", "Silver Bay, MN", "Silver City, NM", "Silver Lake, MN", "Silver Lake, WI", "Silverthorne, CO", "Silverton, CO", "Silverton, OR", "Simi Valley, CA", "Simpsonville, SC", "Sinking Spring, PA", "Sioux Center, IA", "Sioux City, IA", "Sioux Falls, SD", "Sioux Falls, SD", "Sisters, OR", "Sitka, AK", "Skagway, AK", "Skaneateles, NY", "Skiatook, OK", "Skiatook, OK", "Skiatook, OK", "Skokie, IL", "Slater, IA", "Slater, MO", "Slayton, MN", "Sleepy Eye, MN", "Sleepy Hollow, IL", "Slidell, LA", "Slinger, WI", "Smithfield, NC", "Smithfield, UT", "Smithfield, VA", "Smithsburg, MD", "Smithville, TN", "Smithville, TX", "Smyrna, DE", "Smyrna, DE", "Smyrna, GA", "Smyrna, TN", "Sneads, FL", "Snellville, GA", "Snohomish, WA", "Snoqualmie, WA", "Snow Hill, MD", "Snow Hill, NC", "Snowflake, AZ", "Snowmass Village, CO", "Snyder, TX", "Socorro, TX", "Soda Springs, ID", "Soddy-Daisy, TN", "Sodus Point, NY", "Solana Beach, CA"]
    #US_CITIES27 = ["Soldotna, AK", "Soledad, CA", "Solon, IA", "Solon, OH", "Solvang, CA", "Somerset, KY", "Somerset, MD", "Somerset, PA", "Somersworth, NH", "Somerville, MA", "Somerville, NJ", "Sonoma, CA", "Sonora, CA", "Sonora, TX", "South Bend, IN", "South Bend, NE", "South Bethany, DE", "South Boston, VA", "South Burlington, VT", "South Daytona, FL", "South El Monte, CA", "South Elgin, IL", "South Euclid, OH", "South Fork, CO", "South Gate, CA", "South Haven, MI", "South Hill, VA", "South Jordan, UT", "South Lake Tahoe, CA", "South Lyon, MI", "South Miami, FL", "South Milwaukee, WI", "South Pasadena, CA", "South Pasadena, FL", "South Plainfield, NJ", "South Point, OH", "South Portland, ME", "South River, NJ", "South Russell, OH", "South Saint Paul, MN", "South Salt Lake, UT", "South San Francisco, CA", "South Sioux City, NE", "Southampton, NY", "Southaven, MS", "Southern Pines, NC", "Southern Shores, NC", "Southfield, MI", "Southgate, MI", "Southlake, TX", "Southport, NC", "Southside Place, TX", "Southwest Ranches, FL", "Spanish Fork, UT", "Sparks, NV", "Sparta, MI", "Sparta, WI", "Spartanburg, SC", "Spearfish, SD", "Speedway, IN", "Spencer, IA", "Spencer, NC", "Spencer, WV", "Spindale, NC", "Spokane Valley, WA", "Spokane, WA", "Spooner, WI", "Spotswood, NJ", "Spray, OR", "Spring Green, WI", "Spring Grove, IL", "Spring Grove, MN", "Spring Grove, PA", "Spring Hill, KS", "Spring Hill, KS", "Spring Hill, TN", "Spring Lake Heights, NJ", "Spring Lake, MI", "Spring Lake, NC", "Spring Park, MN", "Spring Valley, IL", "Spring Valley, NY", "Spring Valley, TX", "Springboro, OH", "Springdale, OH", "Springdale, SC", "Springerville, AZ", "Springfield, FL", "Springfield, GA", "Springfield, IL", "Springfield, KY", "Springfield, MA", "Springfield, MI", "Springfield, MO", "Springfield, NE", "Springfield, OH", "Springfield, OR", "Springhill, LA", "Springville, IA", "Springville, UT", "Spruce Pine, NC", "Stacy, MN", "Stacyville, IA", "Stafford, TX", "Stallings, NC", "Stamford, CT", "Stamford, NY", "Stanfield, NC", "Stanhope, IA", "Stanley, IA", "Stanley, NC", "Stanton, CA", "Star, ID", "Starkville, MS", "State College, PA", "Statesboro, GA", "Statesville, NC", "Staunton, VA", "Stayton, OR", "Steamboat Springs, CO", "Steelton, PA", "Steilacoom, WA", "Stephenville, TX", "Sterling Heights, MI", "Sterling, CO", "Sterling, IL", "Steubenville, OH", "Stevens Point, WI", "Stevensville, MI", "Stewartville, MN", "Stickney, IL", "Stillwater, MN", "Stillwater, OK", "Stockbridge, GA", "Stockbridge, MI", "Stockton, CA", "Stockton, KS", "Stokesdale, NC", "Stone Harbor, NJ", "Stone Mountain, GA", "Stoneville, NC", "Stonington, CT", "Storm Lake, IA", "Stoughton, WI", "Stow, OH", "Stratford, NJ", "Stratton, CO", "Streamwood, IL", "Streetsboro, OH", "Strongsville, OH", "Stroudsburg, PA", "Stuart, FL", "Sturgeon Bay, WI", "Sturgeon Lake, MN", "Sturgeon, MO", "Sturgis, MI", "Sturgis, SD", "Sturtevant, WI", "Suamico, WI", "Sublimity, OR", "Sudlersville, MD", "Suffern, NY"]
    #US_CITIES28 = ["Suffolk, VA", "Sugar Creek, MO", "Sugar Grove, IL", "Sugar Hill, GA", "Sugar Land, TX", "Suisun City, CA", "Sulphur Springs, TX", "Sulphur, LA", "Sultan, WA", "Summerdale, AL", "Summerfield, NC", "Summerville, SC", "Summerville, SC", "Summerville, SC", "Summit, NJ", "Sumner, WA", "Sumter, SC", "Sun Prairie, WI", "Sun Valley, ID", "Sunfish Lake, MN", "Sunny Isles Beach, FL", "Sunnyside, WA", "Sunnyvale, CA", "Sunnyvale, TX", "Sunrise, FL", "Sunset Hills, MO", "Sunset, LA", "Sunset, UT", "Superior, AZ", "Superior, CO", "Superior, WI", "Surf City, NC", "Surfside Beach, SC", "Surfside, FL", "Surprise, AZ", "Surrey, ND", "Susanville, CA", "Sussex, WI", "Sutherlin, OR", "Sutter Creek, CA", "Sutton, NE", "Suwanee, GA", "Swainsboro, GA", "Swansboro, NC", "Swansea, IL", "Swansea, SC", "Swanton Village, VT", "Swanton, OH", "Swarthmore, PA", "Swartz Creek, MI", "Sweeny, TX", "Sweet Home, OR", "Swoyersville, PA", "Sykesville, MD", "Sylacauga, AL", "Sylva, NC", "Sylvan Lake, MI", "Sylvania, GA", "Sylvania, OH", "Syracuse, IN", "Syracuse, NY", "Syracuse, UT", "Tacoma, WA", "Taft, CA", "Tahlequah, OK", "Tahoka, TX", "Takoma Park, MD", "Takoma Park, MD", "Talent, OR", "Talladega, AL", "Tallahassee, FL", "Tallassee, AL", "Tallassee, AL", "Tallmadge, OH", "Tama, IA", "Tamarac, FL", "Tampa, FL", "Taneytown, MD", "Tangent, OR", "Taos Ski Valley, NM", "Taos, NM", "Tarboro, NC", "Tarpon Springs, FL", "Taunton, MA", "Tavares, FL", "Tawas City, MI", "Taylor, MI", "Taylor, TX", "Taylors Falls, MN", "Taylorsville, NC", "Taylorsville, UT", "Taylorville, IL", "Tazewell, VA", "Tea, SD", "Tecumseh, MI", "Tecumseh, OK", "Tega Cay, SC", "Tehachapi, CA", "Telluride, CO", "Temecula, CA", "Tempe, AZ", "Temple City, CA", "Temple Terrace, FL", "Temple, GA", "Temple, TX", "Tenafly, NJ", "Tequesta, FL", "Terre Haute, IN", "Terre Hill, PA", "Terrell, TX", "Texarkana, TX", "Texas City, TX", "Thatcher, AZ", "Thayne, WY", "The Colony, TX", "The Dalles, OR", "The Hills, TX", "The Village of Indian Hill, OH", "The Village, OK", "Thibodaux, LA", "Thomasville, AL", "Thomasville, GA", "Thomasville, NC", "Thomson, MN", "Thornton, CO", "Thousand Oaks, CA", "Three Rivers, MI", "Thurmont, MD", "Thurston, OH", "Tiburon, CA", "Tifton, GA", "Tigard, OR", "Tigerton, WI", "Tillamook, OR", "Timnath, CO", "Tinley Park, IL", "Tinton Falls, NJ", "Tipp City, OH", "Tipton, IA", "Tishomingo, OK", "Titusville, FL", "Titusville, PA", "Tobaccoville, NC", "Toccoa, GA", "Toledo, OH", "Toledo, OR", "Tolleson, AZ", "Tomball, TX", "Tombstone, AZ", "Tonasket, WA", "Tonganoxie, KS", "Tonka Bay, MN", "Tooele, UT", "Topeka, IN", "Topeka, KS", "Topsail Beach, NC", "Torrance, CA", "Torrington, CT", "Torrington, WY", "Tower Lake, IL", "Tower, MN", "Town and Country, MO", "Townsend, DE", "Tracy, CA", "Tracy, MN", "Trafford, PA", "Trafford, PA", "Trail Creek, IN", "Trappe, MD", "Traverse City, MI", "Treasure Island, FL", "Tremonton, UT", "Trenton, MI", "Trenton, NJ", "Trenton, OH", "Treynor, IA"]
    #US_CITIES29 = ["Trimont, MN", "Trinidad, CO", "Trinity, NC", "Trophy Club, TX", "Trophy Club, TX", "Trotwood, OH", "Troutdale, OR", "Troutman, NC", "Troy, AL", "Troy, IL", "Troy, MI", "Troy, NC", "Troy, NY", "Troy, OH", "Troy, TN", "Truckee, CA", "Truman, MN", "Trumansburg, NY", "Trumbauersville, PA", "Trussville, AL", "Truth or Consequences, NM", "Tryon, NC", "Tualatin, OR", "Tuckahoe, NY", "Tucson, AZ", "Tucumcari, NM", "Tulare, CA", "Tulare, SD", "Tulsa, OK", "Tulsa, OK", "Tulsa, OK", "Tulsa, OK", "Tumwater, WA", "Tupelo, MS", "Turlock, CA", "Turner, OR", "Turtle Lake, ND", "Tuscaloosa, AL", "Tuskegee, AL", "Tustin, CA", "Twentynine Palms, CA", "Twin Falls, ID", "Twin Valley, MN", "Twinsburg, OH", "Two Rivers, WI", "Tybee Island, GA", "Tyler, MN", "Tyler, TX", "Tyrone, GA", "Tyrone, PA", "Ukiah, CA", "Ulysses, KS", "Unalaska, AK", "Underwood, IA", "Unicoi, TN", "Union Bridge, MD", "Union City, CA", "Union City, GA", "Union Gap, WA", "Union Springs, AL", "Union Springs, NY", "Union, KY", "Union, MO", "Union, NE", "Union, OH", "Union, OR", "Uniontown, AL", "Unionville, NC", "Universal City, TX", "University City, MO", "University Heights, IA", "University Heights, OH", "University Park, MD", "University Park, TX", "University Place, WA", "Upland, CA", "Upper Arlington, OH", "Upsala, MN", "Urbana, IL", "Urbana, OH", "Urbandale, IA", "Utica, MI", "Utica, NY", "Vacaville, CA", "Vadnais Heights, MN", "Vail, CO", "Valders, WI", "Valdese, NC", "Valdez, AK", "Valdosta, GA", "Vale, OR", "Vallejo, CA", "Valley Center, KS", "Valley City, ND", "Valley Springs, SD", "Valley View, OH", "Valley, AL", "Valley, NE", "Valparaiso, FL", "Valparaiso, IN", "Van Meter, IA", "Van Wert, OH", "Vancouver, WA", "Vandalia, OH", "Varnville, SC", "Vassar, MI", "Velma, OK", "Veneta, OR", "Venice, FL", "Ventnor City, NJ", "Ventura, CA", "Verdigris, OK", "Vergennes, VT", "Vermillion, SD", "Vernal, UT", "Vernon Hills, IL", "Vernon, AL", "Vernon, CA", "Vernonia, OR", "Vero Beach, FL", "Verona, WI", "Versailles, KY", "Versailles, OH", "Vestavia Hills, AL", "Vicksburg, MS", "Victor, NY", "Victoria, MN", "Victoria, TX", "Victorville, CA", "Vidalia, GA", "Vienna, GA", "Vienna, VA", "Villa Grove, IL", "Villa Park, CA", "Villa Park, IL", "Villa Rica, GA", "Villa Rica, GA", "Village of Irvington, NY", "Ville Platte, LA", "Vincennes, IN", "Vineland, NJ", "Vinton, LA", "Vinton, VA", "Viola, DE", "Virginia Beach, VA", "Virginia, MN", "Visalia, CA", "Vista, CA", "Volga, SD", "Wabash, IN", "Wabasha, MN", "Waco, TX", "Waconia, MN", "Wadena, MN", "Wadesboro, NC", "Wadsworth, IL", "Wadsworth, OH", "Wagener, SC", "Wagner, SD", "Wahpeton, IA", "Wahpeton, ND", "Waite Park, MN", "Wake Forest, NC", "Walcott, IA", "Waldport, OR", "Waldwick, NJ", "Wales, WI", "Walker, MI", "Walkerton, IN", "Walla Walla, WA", "Wallace, NC", "Walled Lake, MI", "Wallowa, OR", "Walnut Creek, CA", "Walnut Creek, NC", "Walnut Grove, MS", "Walnut, CA", "Walterboro, SC", "Waltham, MA", "Walton, KY", "Walworth, WI"]
    #US_CITIES30 = ["Wanamingo, MN", "Warner Robins, GA", "Warner, SD", "Warren, MI", "Warren, PA", "Warrensburg, MO", "Warrenton, MO", "Warrenton, VA", "Warrenville, IL", "Warsaw, IN", "Warsaw, KY", "Warsaw, MO", "Warsaw, NC", "Warson Woods, MO", "Warwick, RI", "Wasco, CA", "Waseca, MN", "Washington Grove, MD", "Washington, IL", "Washington, IN", "Washington, LA", "Washington, MO", "Washington, NC", "Washington, PA", "Washington, UT", "Washougal, WA", "Wasilla, AK", "Watauga, TX", "Watchung, NJ", "Waterbury, CT", "Waterbury, VT", "Waterford, NY", "Waterford, PA", "Waterloo, IA", "Waterloo, IL", "Waterloo, WI", "Watertown, MA", "Watertown, MN", "Watertown, NY", "Watertown, SD", "Watertown, WI", "Watertown, WI", "Waterville, ME", "Waterville, MN", "Waterville, OH", "Waterville, WA", "Watervliet, MI", "Watervliet, NY", "Watseka, IL", "Watsonville, CA", "Wauconda, IL", "Waukee, IA", "Waukegan, IL", "Waukesha, WI", "Waunakee, WI", "Waupaca, WI", "Waupun, WI", "Waupun, WI", "Wausau, WI", "Wauseon, OH", "Wauwatosa, WI", "Waveland, MS", "Waverly, IA", "Waverly, MN", "Waverly, OH", "Waxahachie, TX", "Waxhaw, NC", "Waycross, GA", "Wayland, MI", "Wayne, MI", "Wayne, NE", "Waynesboro, GA", "Waynesboro, TN", "Waynesboro, VA", "Waynesville, NC", "Waynoka, OK", "Wayzata, MN", "Weatherford, OK", "Weatherford, TX", "Weaverville, NC", "Webster City, IA", "Webster Groves, MO", "Webster, NY", "Webster, TX", "Weddington, NC", "Weed, CA", "Weedsport, NY", "Weeping Water, NE", "Weirton, WV", "Weirton, WV", "Wellington, CO", "Wellington, FL", "Wellington, KS", "Wells, MN", "Wellton, AZ", "Welsh, LA", "Wenatchee, WA", "Wendell, NC", "Wentzville, MO", "Weslaco, TX", "Wesley Chapel, NC", "West Allis, WI", "West Bend, WI", "West Bountiful, UT", "West Branch, IA", "West Branch, MI", "West Burlington, IA", "West Carrollton City, OH", "West Carthage, NY", "West Chester, PA", "West Chicago, IL", "West Columbia, SC", "West Covina, CA", "West Des Moines, IA", "West Dundee, IL", "West Haven, CT", "West Hollywood, CA", "West Jefferson, NC", "West Jefferson, OH", "West Jordan, UT", "West Lafayette, IN", "West Lake Hills, TX", "West Liberty, IA", "West Liberty, KY", "West Linn, OR", "West Melbourne, FL", "West Memphis, AR", "West Mifflin, PA", "West Orange, TX", "West Palm Beach, FL", "West Paterson, NJ", "West Plains, MO", "West Point, GA", "West Point, GA", "West Point, MS", "West Point, NE", "West Point, VA", "West Reading, PA", "West Sacramento, CA", "West Saint Paul, MN", "West Salem, WI", "West Union, IA", "West University Place, TX", "West Wendover, NV", "Westbrook, ME", "Westbury, NY", "Westchester, IL", "Westerville, OH", "Westfield, IA", "Westfield, IN", "Westfield, MA", "Westfield, NJ", "Westhampton Beach, NY", "Westlake, OH", "Westlake, TX", "Westland, MI", "Westminster, CA", "Westminster, CO", "Westminster, MD", "Westmont, IL", "Westmont, PA", "Weston, FL", "Weston, TX", "Weston, WI", "Westover Hills, TX", "Westphalia, MI", "Westport, WA", "Westville, IN"]
    #US_CITIES31 = ["Westwego, LA", "Wetumpka, AL", "Wharton, TX", "Wheat Ridge, CO", "Wheaton, IL", "Wheaton, MN", "Wheeling, IL", "Wheeling, WV", "Whispering Pines, NC", "White Bear Lake, MN", "White Cloud, MI", "White House, TN", "White House, TN", "White Oak, PA", "White Oak, TX", "White Plains, NY", "White Settlement, TX", "Whitefish Bay, WI", "Whitehall, MI", "Whitehall, OH", "Whitehall, PA", "Whitehouse, OH", "Whiteland, IN", "Whitesboro, NY", "Whiteville, NC", "Whitewater, WI", "Whitewood, SD", "Whiting, IN", "Whittemore, IA", "Whittier, CA", "Wichita Falls, TX", "Wichita, KS", "Wickenburg, AZ", "Wickliffe, OH", "Wilbur, WA", "Wildwood, MO", "Wilkes-Barre, PA", "Wilkesboro, NC", "Wilkinsburg, PA", "Willard, MO", "Willard, OH", "Willcox, AZ", "Williams Bay, WI", "Williams, AZ", "Williamsburg, IA", "Williamsport, PA", "Williamston, NC", "Williamstown, KY", "Williamsville, NY", "Williston, ND", "Williston, SC", "Willmar, MN", "Willoughby, OH", "Willow Lake, SD", "Willow Park, TX", "Willowbrook, IL", "Wilmette, IL", "Wilmington, DE", "Wilmington, NC", "Wilmington, OH", "Wilson, NC", "Wilson, NY", "Wilson, PA", "Wilsonville, OR", "Wilton Manors, FL", "Wimberley, TX", "Winchester, KY", "Winchester, VA", "Wind Point, WI", "Windcrest, TX", "Winder, GA", "Windermere, FL", "Windom, MN", "Windsor Heights, IA", "Windsor, CA", "Windsor, CO", "Winfield, AL", "Winfield, IL", "Winfield, KS", "Wingate, NC", "Winnebago, MN", "Winner, SD", "Winnetka, IL", "Winnfield, LA", "Winona Lake, IN", "Winona, MN", "Winooski, VT", "Winslow, AZ", "Winsted, MN", "Winston-Salem, NC", "Winter Garden, FL", "Winter Haven, FL", "Winter Park, CO", "Winter Park, FL", "Winter Springs, FL", "Winters, CA", "Winterville, GA", "Winterville, NC", "Winthrop Harbor, IL", "Winthrop, MN", "Wiota, IA", "Wisconsin Dells, WI", "Wisconsin Rapids, WI", "Wixom, MI", "Woburn, MA", "Wolverine Lake, MI", "Wood River, IL", "Wood-Ridge, NJ", "Woodburn, OR", "Woodbury, MN", "Woodbury, NJ", "Woodcliff Lake, NJ", "Woodhaven, MI", "Woodinville, WA", "Woodlake, CA", "Woodland Park, CO", "Woodland, CA", "Woodland, MN", "Woodland, WA", "Woodridge, IL", "Woodruff, SC", "Woods Cross, UT", "Woodside, CA", "Woodson Terrace, MO", "Woodstock, GA", "Woodstock, IL", "Woodward, OK", "Woodway, TX", "Woonsocket, RI", "Woonsocket, SD", "Worcester, MA", "Worland, WY", "Wormleysburg, PA", "Worth, IL", "Worthing, SD", "Worthington, MN", "Worthington, OH", "Wrangell, AK", "Wray, CO", "Wright, WY", "Wrightstown, WI", "Wrightstown, WI", "Wrightsville Beach, NC", "Wyandotte, MI", "Wylie, TX", "Wyoming, DE", "Wyoming, IA", "Wyoming, MI", "Wyoming, MN", "Wyoming, OH", "Wytheville, VA", "Xenia, OH", "Yachats, OR", "Yadkinville, NC", "Yakima, WA", "Yamhill, OR", "Yanceyville, NC", "Yankton, SD", "Yarrow Point, WA", "Yellow Springs, OH", "Yemassee, SC", "Yemassee, SC", "Yerington, NV", "Yoakum, TX", "Yoakum, TX", "Yonkers, NY", "Yorba Linda, CA", "York, NE", "York, PA", "York, SC", "Youngstown, OH", "Youngstown, OH"]
    #US_CITIES32 = ["Youngsville, LA", "Youngwood, PA", "Ypsilanti, MI", "Yuba City, CA", "Yucaipa, CA", "Yucca Valley, CA", "Yukon, OK", "Yuma, AZ", "Zanesville, OH", "Zearing, IA", "Zebulon, NC", "Zeeland, MI", "Zelienople, PA", "Zephyrhills, FL", "Zion, IL", "Zumbrota, MN", "Zwolle, LA"]

    # Application configuration should go into files in config/initializers
    # -- all .rb files in that directory are automatically loaded.

    # Custom directories with classes and modules you want to be autoloadable.
    # config.autoload_paths += %W(#{config.root}/extras)

    # Only load the plugins named here, in the order given (default is alphabetical).
    # :all can be used as a placeholder for all plugins not explicitly named.
    # config.plugins = [ :exception_notification, :ssl_requirement, :all ]

    # Activate observers that should always be running.
    # config.active_record.observers = :cacher, :garbage_collector, :forum_observer

    # Set Time.zone default to the specified zone and make Active Record auto-convert to this zone.
    # Run "rake -D time" for a list of tasks for finding time zone names. Default is UTC.
    # config.time_zone = 'Central Time (US & Canada)'

    # The default locale is :en and all translations from config/locales/*.rb,yml are auto loaded.
    # config.i18n.load_path += Dir[Rails.root.join('my', 'locales', '*.{rb,yml}').to_s]
    # config.i18n.default_locale = :de

    # Configure the default encoding used in templates for Ruby 1.9.
    config.encoding = "utf-8"

    # Configure sensitive parameters which will be filtered from the log file.
    config.filter_parameters += [:password]

    # Enable escaping HTML in JSON.
    config.active_support.escape_html_entities_in_json = true

    # Use SQL instead of Active Record's schema dumper when creating the database.
    # This is necessary if your schema can't be completely dumped by the schema dumper,
    # like if you have constraints or database-specific column types
    # config.active_record.schema_format = :sql

    # Enforce whitelist mode for mass assignment.
    # This will create an empty whitelist of attributes available for mass-assignment for all models
    # in your app. As such, your models will need to explicitly whitelist or blacklist accessible
    # parameters by using an attr_accessible or attr_protected declaration.
    config.active_record.whitelist_attributes = true

    # Enable the asset pipeline
    config.assets.enabled = true

    # Version of your assets, change this if you want to expire all your assets
    config.assets.version = '1.0'
  end
end
